Date,Open,High,Low,Close,Adj Close,Volume
2014-08-11,16.299999,16.540001,16.180000,16.500000,14.404239,15165846
2014-08-12,16.500000,16.860001,16.480000,16.780001,14.648673,18741848
2014-08-13,16.860001,16.879999,16.620001,16.879999,14.735970,12690222
2014-08-14,16.719999,16.820000,16.139999,16.240000,14.177262,32940106
2014-08-15,16.219999,16.740000,16.020000,16.459999,14.369315,20010951
2014-08-18,16.440001,16.799999,16.340000,16.660000,14.543913,14644600
2014-08-19,16.639999,16.799999,16.320000,16.500000,14.404239,13149960
2014-08-20,16.459999,16.680000,16.360001,16.420000,14.334397,16250675
2014-08-21,16.379999,16.420000,16.080000,16.139999,14.089962,20486000
2014-08-22,16.180000,16.360001,15.660000,15.840000,13.828068,32038494
2014-08-25,15.800000,15.900000,15.220000,15.320000,13.374115,34466298
2014-08-26,15.500000,15.600000,14.600000,14.860000,12.972543,73275026
2014-08-27,14.980000,15.220000,14.900000,15.000000,13.094761,84129949
2014-08-28,15.080000,15.100000,14.620000,14.720000,12.850326,39990714
2014-08-29,14.800000,15.140000,14.660000,15.080000,13.164598,87002335
2014-09-01,14.940000,15.060000,14.880000,14.960000,13.059841,46401001
2014-09-02,15.100000,15.340000,14.860000,15.000000,13.094761,193042502
2014-09-03,15.040000,15.200000,14.920000,15.020000,13.112221,57826915
2014-09-04,15.100000,15.280000,15.040000,15.200000,13.269357,64261554
2014-09-05,15.280000,15.340000,14.740000,14.880000,12.990003,131210593
2014-09-08,14.840000,14.920000,14.740000,14.800000,12.920164,36416100
2014-09-10,14.820000,15.000000,14.720000,14.760000,12.885243,22737352
2014-09-11,14.840000,14.860000,14.660000,14.780000,12.902702,10866000
2014-09-12,14.120000,14.380000,14.020000,14.180000,12.378914,53565068
2014-09-15,14.100000,14.100000,13.640000,13.800000,12.047180,33171192
2014-09-16,14.200000,14.200000,13.760000,13.900000,12.134479,24481916
2014-09-17,13.960000,14.160000,13.760000,13.900000,12.134479,20477334
2014-09-18,13.980000,13.980000,13.740000,13.780000,12.029721,14340534
2014-09-19,13.880000,14.160000,13.660000,13.920000,12.151937,24994080
2014-09-22,13.800000,13.980000,13.720000,13.860000,12.099558,17275375
2014-09-23,13.880000,13.880000,13.740000,13.760000,12.025274,12518400
2014-09-24,13.700000,13.820000,13.660000,13.780000,12.042752,10299501
2014-09-25,13.860000,13.860000,13.640000,13.700000,11.972837,14697458
2014-09-26,13.680000,13.680000,13.420000,13.560000,11.850488,20645806
2014-09-29,13.220000,13.320000,13.020000,13.280000,11.605788,23561684
2014-09-30,13.160000,13.160000,12.860000,12.960000,11.326131,23422011
2014-10-03,13.000000,13.100000,12.600000,12.960000,11.326131,21291557
2014-10-06,12.960000,13.380000,12.880000,13.240000,11.570830,14250569
2014-10-07,13.120000,13.340000,13.080000,13.260000,11.588309,10374950
2014-10-08,13.200000,13.540000,13.100000,13.460000,11.763096,15487060
2014-10-09,13.500000,13.660000,13.500000,13.580000,11.867968,20523598
2014-10-10,13.400000,13.460000,13.180000,13.280000,11.605788,11402500
2014-10-13,13.260000,13.580000,13.140000,13.220000,11.553352,14880105
2014-10-14,13.200000,13.380000,13.100000,13.160000,11.500918,8345879
2014-10-15,13.100000,13.260000,13.100000,13.180000,11.518394,10160296
2014-10-16,13.100000,13.180000,13.020000,13.100000,11.448481,10627000
2014-10-17,13.120000,13.260000,13.100000,13.240000,11.570830,7741743
2014-10-20,13.340000,13.540000,13.260000,13.440000,11.745617,10535843
2014-10-21,13.440000,13.740000,13.420000,13.540000,11.833009,16508417
2014-10-22,13.600000,13.640000,13.500000,13.600000,11.885447,9245720
2014-10-23,13.500000,13.660000,13.400000,13.540000,11.833009,8132000
2014-10-24,13.480000,13.620000,13.420000,13.500000,11.798053,8505771
2014-10-27,13.460000,13.540000,13.280000,13.520000,11.815531,6594482
2014-10-28,13.560000,13.620000,13.460000,13.600000,11.885447,10193404
2014-10-29,13.720000,13.960000,13.580000,13.600000,11.885447,20647426
2014-10-30,13.580000,13.760000,13.540000,13.600000,11.885447,10306000
2014-10-31,13.660000,13.780000,13.560000,13.580000,11.867968,13055196
2014-11-03,13.580000,13.660000,13.440000,13.560000,11.850488,7093993
2014-11-04,13.580000,13.680000,13.520000,13.580000,11.867968,6256100
2014-11-05,13.700000,13.700000,13.400000,13.480000,11.780574,7046872
2014-11-06,13.500000,13.560000,13.420000,13.500000,11.798053,7667552
2014-11-07,13.460000,13.500000,13.300000,13.340000,11.658225,9180986
2014-11-10,13.580000,13.740000,13.400000,13.420000,11.728138,9074293
2014-11-11,13.440000,13.620000,13.440000,13.500000,11.798053,8863254
2014-11-12,13.480000,13.540000,13.400000,13.500000,11.798053,7698937
2014-11-13,13.480000,13.660000,13.440000,13.600000,11.885447,23027527
2014-11-14,13.600000,13.680000,13.540000,13.600000,11.885447,10012000
2014-11-17,13.680000,13.700000,13.400000,13.400000,11.710660,6866665
2014-11-18,13.380000,13.420000,13.160000,13.260000,11.588309,10459427
2014-11-19,13.080000,13.260000,12.900000,13.080000,11.431002,13329967
2014-11-20,12.900000,13.000000,12.800000,12.880000,11.256216,13303287
2014-11-21,12.880000,12.900000,12.600000,12.860000,11.238736,10795256
2014-11-24,13.140000,13.300000,13.000000,13.140000,11.483438,21199661
2014-11-25,13.160000,13.260000,13.060000,13.100000,11.448481,10400359
2014-11-26,13.160000,13.200000,13.000000,13.120000,11.465960,9275342
2014-11-27,13.020000,13.220000,13.020000,13.120000,11.465960,10376000
2014-11-28,13.160000,13.620000,13.100000,13.520000,11.815531,32494657
2014-12-01,13.280000,13.500000,13.140000,13.260000,11.588309,21350296
2014-12-02,13.200000,13.420000,13.180000,13.300000,11.623267,16437000
2014-12-03,13.360000,13.560000,13.140000,13.300000,11.623267,20862551
2014-12-04,13.300000,13.960000,13.020000,13.920000,12.165102,37846587
2014-12-05,14.340000,14.800000,14.140000,14.200000,12.409803,93156673
2014-12-08,14.220000,14.580000,14.120000,14.360000,12.549631,47070944
2014-12-09,14.260000,14.460000,13.560000,13.780000,12.042752,32077001
2014-12-10,13.760000,13.780000,13.460000,13.760000,12.025274,13694557
2014-12-11,13.680000,13.680000,13.420000,13.580000,11.867968,11478618
2014-12-12,13.580000,13.580000,13.360000,13.420000,11.728138,8424291
2014-12-15,13.300000,13.380000,13.000000,13.360000,11.675703,8420870
2014-12-16,13.100000,13.340000,13.100000,13.280000,11.605788,8171511
2014-12-17,13.160000,13.300000,13.120000,13.200000,11.535874,9997509
2014-12-18,13.280000,13.300000,13.020000,13.120000,11.465960,9908958
2014-12-19,13.160000,13.400000,13.000000,13.360000,11.675703,14752751
2014-12-22,13.280000,13.600000,13.240000,13.260000,11.588309,12962191
2014-12-23,13.460000,13.480000,13.080000,13.100000,11.448481,8370589
2014-12-24,13.180000,13.240000,13.100000,13.200000,11.535874,3232319
2014-12-29,13.300000,13.460000,13.240000,13.360000,11.675703,9946285
2014-12-30,13.300000,13.400000,13.120000,13.200000,11.535874,8401636
2014-12-31,13.220000,13.300000,13.180000,13.220000,11.553352,2805924
2015-01-02,13.300000,13.800000,13.220000,13.600000,11.885447,18115964
2015-01-05,13.400000,14.140000,13.400000,13.760000,12.025274,27013889
2015-01-06,13.740000,13.760000,13.480000,13.580000,11.867968,17020064
2015-01-07,13.440000,13.600000,13.300000,13.540000,11.833009,14007859
2015-01-08,13.540000,13.720000,13.360000,13.680000,11.955359,13312267
2015-01-09,13.760000,13.920000,13.720000,13.740000,12.007795,14345246
2015-01-12,13.680000,13.800000,13.640000,13.700000,11.972837,5023023
2015-01-13,13.800000,13.860000,13.600000,13.780000,12.042752,10774716
2015-01-14,13.780000,13.780000,13.560000,13.640000,11.920403,9652554
2015-01-15,13.680000,13.880000,13.620000,13.800000,12.060232,10290670
2015-01-16,13.780000,13.820000,13.600000,13.620000,11.902924,7933733
2015-01-19,13.620000,13.680000,13.180000,13.320000,11.640745,19330981
2015-01-20,13.600000,14.100000,13.420000,13.520000,11.815531,16995700
2015-01-21,13.560000,13.740000,13.560000,13.660000,11.937882,14239190
2015-01-22,13.680000,13.760000,13.440000,13.580000,11.867968,16295475
2015-01-23,13.680000,13.700000,13.480000,13.520000,11.815531,12403535
2015-01-26,13.600000,13.600000,13.200000,13.400000,11.710660,17585989
2015-01-27,13.460000,13.540000,13.300000,13.480000,11.780574,8921000
2015-01-28,13.440000,13.580000,13.340000,13.500000,11.798053,6335115
2015-01-29,13.560000,13.560000,13.320000,13.360000,11.675703,8822296
2015-01-30,13.360000,13.440000,13.280000,13.320000,11.640745,6709733
2015-02-02,13.280000,13.300000,13.140000,13.300000,11.623267,10022792
2015-02-03,13.280000,13.300000,13.100000,13.220000,11.553352,11754320
2015-02-04,13.300000,13.300000,13.100000,13.240000,11.570830,5805987
2015-02-05,13.300000,13.420000,13.220000,13.320000,11.640745,7883642
2015-02-06,13.320000,13.320000,13.140000,13.180000,11.518394,6507073
2015-02-09,13.160000,13.260000,13.100000,13.200000,11.535874,3755476
2015-02-10,13.100000,13.200000,13.080000,13.140000,11.483438,6056075
2015-02-11,13.180000,13.200000,12.900000,13.020000,11.378566,11628568
2015-02-12,12.900000,13.040000,12.900000,12.920000,11.291174,7953072
2015-02-13,13.000000,13.040000,12.900000,13.020000,11.378566,10472113
2015-02-16,13.000000,13.160000,13.000000,13.100000,11.448481,4692150
2015-02-17,13.100000,13.180000,13.060000,13.160000,11.500918,4713152
2015-02-18,13.160000,13.280000,13.120000,13.160000,11.500918,4803550
2015-02-23,13.140000,13.520000,13.120000,13.400000,11.710660,14170247
2015-02-24,13.400000,13.720000,13.360000,13.640000,11.920403,30034492
2015-02-25,13.700000,13.780000,13.560000,13.700000,11.972837,12964873
2015-02-26,13.720000,13.840000,13.620000,13.780000,12.042752,10698914
2015-02-27,13.680000,13.780000,13.600000,13.620000,11.902924,8275813
2015-03-02,13.640000,13.740000,13.440000,13.580000,11.867968,8572972
2015-03-03,13.420000,13.640000,13.400000,13.480000,11.780574,16722451
2015-03-04,13.400000,13.580000,13.300000,13.480000,11.780574,14054000
2015-03-05,13.500000,13.520000,13.220000,13.420000,11.728138,15394732
2015-03-06,13.300000,13.360000,13.200000,13.260000,11.588309,12281947
2015-03-09,13.140000,13.280000,13.100000,13.180000,11.518394,7607842
2015-03-10,13.100000,13.240000,13.020000,13.060000,11.413524,11969632
2015-03-11,13.000000,13.200000,13.000000,13.060000,11.413524,11968466
2015-03-12,13.140000,13.160000,13.040000,13.060000,11.413524,9819716
2015-03-13,13.060000,13.240000,13.000000,13.120000,11.465960,10321715
2015-03-16,13.100000,13.180000,13.020000,13.140000,11.483438,8956929
2015-03-17,13.160000,13.200000,13.040000,13.080000,11.431002,11309704
2015-03-18,13.120000,13.260000,13.060000,13.120000,11.465960,11471656
2015-03-19,13.200000,13.420000,13.140000,13.300000,11.623267,21080841
2015-03-20,13.260000,13.500000,13.260000,13.400000,11.710660,73257944
2015-03-23,13.460000,13.460000,13.120000,13.180000,11.518394,24772636
2015-03-24,13.220000,13.320000,13.080000,13.220000,11.553352,22588108
2015-03-25,13.300000,13.320000,13.020000,13.100000,11.448481,21720365
2015-03-26,13.020000,13.160000,12.960000,13.100000,11.448481,7892254
2015-03-27,13.160000,13.200000,13.020000,13.120000,11.465960,9629997
2015-03-30,13.160000,13.420000,13.120000,13.380000,11.693181,20535800
2015-03-31,13.300000,13.500000,13.260000,13.280000,11.605788,12062157
2015-04-01,13.280000,13.560000,13.280000,13.460000,11.763096,17635000
2015-04-02,13.540000,13.800000,13.460000,13.780000,12.042752,24546503
2015-04-08,14.040000,14.480000,13.920000,14.420000,12.602067,54607707
2015-04-09,14.820000,16.100000,14.700000,15.340000,13.406084,99036338
2015-04-10,15.800000,15.860000,15.180000,15.340000,13.406084,58512244
2015-04-13,15.340000,15.340000,14.860000,15.260000,13.336169,337881282
2015-04-14,15.320000,15.720000,15.120000,15.480000,13.528433,74432840
2015-04-15,15.700000,15.720000,15.200000,15.260000,13.336169,39525462
2015-04-16,15.280000,15.380000,14.980000,15.040000,13.143903,47466386
2015-04-17,15.100000,15.180000,14.800000,14.840000,12.969120,163477007
2015-04-20,15.000000,15.020000,14.300000,14.400000,12.584589,47999513
2015-04-21,14.600000,14.780000,14.500000,14.680000,12.829290,42883254
2015-04-22,14.680000,15.000000,14.660000,14.900000,13.021554,36197520
2015-04-23,15.000000,15.220000,14.800000,14.880000,13.004075,33163910
2015-04-24,15.000000,15.000000,14.540000,14.900000,13.021554,21332863
2015-04-27,15.000000,15.080000,14.820000,14.860000,12.986598,31248483
2015-04-28,15.120000,15.880000,15.120000,15.720000,13.738178,162858825
2015-04-29,15.960000,16.100000,15.700000,15.780000,13.790612,100283794
2015-04-30,15.860000,15.920000,15.440000,15.540000,13.580869,40842487
2015-05-04,15.780000,16.400000,15.740000,16.080000,14.052790,88569127
2015-05-05,16.260000,16.280001,15.400000,15.480000,13.528433,49290145
2015-05-06,15.540000,15.780000,15.220000,15.280000,13.353648,40131989
2015-05-07,15.200000,15.240000,14.820000,14.900000,13.021554,35291643
2015-05-08,15.040000,15.460000,15.000000,15.400000,13.458518,32591794
2015-05-11,15.700000,15.700000,15.260000,15.380000,13.441039,28216993
2015-05-12,15.300000,15.380000,15.040000,15.080000,13.178862,25301067
2015-05-13,15.020000,15.160000,14.860000,14.960000,13.073991,32428202
2015-05-14,14.900000,15.040000,14.820000,14.900000,13.021554,20349492
2015-05-15,15.000000,15.260000,14.860000,15.120000,13.213818,19518575
2015-05-18,15.120000,15.120000,14.900000,15.000000,13.108948,19017619
2015-05-19,15.020000,15.180000,14.940000,15.100000,13.196341,20961910
2015-05-20,15.180000,15.180000,14.960000,15.020000,13.126428,14684528
2015-05-21,15.000000,15.160000,14.980000,15.100000,13.196341,12205875
2015-05-22,15.180000,15.380000,15.140000,15.200000,13.283733,25377087
2015-05-26,15.500000,15.800000,15.200000,15.280000,13.353648,50638898
2015-05-27,15.200000,15.400000,15.200000,15.340000,13.406084,17608840
2015-05-28,15.400000,15.400000,14.880000,15.040000,13.143903,29134197
2015-05-29,15.000000,15.180000,14.860000,14.960000,13.073991,27282396
2015-06-01,15.100000,15.220000,14.860000,15.100000,13.196341,20487501
2015-06-02,15.000000,15.200000,14.940000,15.080000,13.178862,16816540
2015-06-03,15.000000,15.140000,14.960000,15.040000,13.143903,17793550
2015-06-04,14.800000,15.000000,14.500000,14.760000,13.073049,26427421
2015-06-05,14.720000,14.880000,14.600000,14.620000,12.949050,16900681
2015-06-08,14.600000,14.640000,14.400000,14.520000,12.860478,14691953
2015-06-09,14.520000,14.560000,14.140000,14.180000,12.559337,26361773
2015-06-10,14.240000,14.720000,14.100000,14.200000,12.577051,29888812
2015-06-11,14.300000,14.520000,14.220000,14.400000,12.754192,26096448
2015-06-12,14.360000,14.800000,14.360000,14.620000,12.949050,31798762
2015-06-15,14.620000,14.760000,14.380000,14.400000,12.754192,19674850
2015-06-16,14.320000,14.520000,14.120000,14.180000,12.559337,24402153
2015-06-17,14.300000,14.500000,14.240000,14.340000,12.701051,19779944
2015-06-18,14.400000,14.540000,14.260000,14.380000,12.736478,10108688
2015-06-19,14.380000,14.480000,14.040000,14.200000,12.577051,27657393
2015-06-22,14.200000,14.300000,13.920000,14.160000,12.541624,16295446
2015-06-23,14.180000,14.400000,14.000000,14.280000,12.647907,24576565
2015-06-24,14.420000,14.580000,14.300000,14.400000,12.754192,23976141
2015-06-25,14.380000,14.500000,14.220000,14.280000,12.647907,21606797
2015-06-26,14.420000,14.420000,13.880000,14.000000,12.399910,25041508
2015-06-29,14.180000,14.180000,13.380000,13.720000,12.151912,38698645
2015-06-30,13.840000,14.120000,13.540000,13.900000,12.311340,26916790
2015-07-02,13.900000,14.020000,13.720000,13.800000,12.222768,20262836
2015-07-03,13.960000,13.960000,13.480000,13.600000,12.045628,21218794
2015-07-06,13.560000,13.780000,12.520000,13.100000,11.602773,52678975
2015-07-07,13.140000,13.260000,12.640000,12.860000,11.390203,27986491
2015-07-08,12.280000,12.400000,11.700000,12.060000,10.681636,63444480
2015-07-09,11.800000,12.740000,11.640000,12.620000,11.177633,52719711
2015-07-10,12.400000,13.880000,12.400000,13.760000,12.187340,71701636
2015-07-13,13.220000,14.000000,13.220000,13.700000,12.134196,30357181
2015-07-14,13.540000,13.920000,13.520000,13.860000,12.275911,33104389
2015-07-15,13.900000,13.900000,13.420000,13.520000,11.974771,16387802
2015-07-16,13.400000,13.660000,13.320000,13.620000,12.063340,13869961
2015-07-17,13.540000,13.760000,13.540000,13.660000,12.098770,11630529
2015-07-20,13.800000,14.260000,13.740000,13.780000,12.205053,15156821
2015-07-21,13.780000,13.960000,13.720000,13.840000,12.258196,17714879
2015-07-22,13.740000,13.920000,13.600000,13.720000,12.151912,15823996
2015-07-23,13.720000,13.900000,13.640000,13.900000,12.311340,7798847
2015-07-24,13.740000,13.980000,13.700000,13.780000,12.205053,10093399
2015-07-27,13.640000,13.660000,13.280000,13.520000,11.974771,38525062
2015-07-28,13.420000,13.880000,13.320000,13.700000,12.134196,23758220
2015-07-29,13.580000,13.820000,13.500000,13.700000,12.134196,15308804
2015-07-30,13.860000,13.920000,13.720000,13.820000,12.240481,15187754
2015-07-31,13.840000,13.920000,13.680000,13.880000,12.293626,10110087
2015-08-03,13.740000,13.940000,13.580000,13.920000,12.329052,15775641
2015-08-04,13.920000,13.980000,13.740000,13.860000,12.275911,7528562
2015-08-05,13.860000,13.980000,13.780000,13.960000,12.364482,8621200
2015-08-06,13.900000,14.020000,13.880000,14.000000,12.399910,9101557
2015-08-07,13.940000,14.460000,13.940000,14.140000,12.523909,22950334
2015-08-10,14.060000,14.380000,13.840000,14.320000,12.683336,11705196
2015-08-11,14.320000,14.420000,14.140000,14.160000,12.541624,21525794
2015-08-12,14.120000,14.160000,13.720000,13.900000,12.311340,25686718
2015-08-13,13.900000,14.080000,13.860000,14.020000,12.417625,17842050
2015-08-14,14.760000,15.280000,14.640000,14.940000,13.232475,105882237
2015-08-17,14.960000,15.080000,14.820000,15.000000,13.285618,43190816
2015-08-18,15.000000,15.060000,14.780000,14.840000,13.143905,42109867
2015-08-19,14.880000,14.940000,14.460000,14.620000,12.949050,32494562
2015-08-20,14.620000,14.620000,14.020000,14.260000,12.630194,36977981
2015-08-21,14.000000,14.100000,13.860000,13.900000,12.311340,43271959
2015-08-24,13.480000,14.000000,13.180000,13.960000,12.364482,93059666
2015-08-25,13.860000,14.380000,13.600000,13.860000,12.275911,64517417
2015-08-26,13.920000,14.100000,13.840000,13.920000,12.329052,49314283
2015-08-27,14.280000,14.460000,14.100000,14.360000,12.718764,46546026
2015-08-28,14.500000,14.680000,14.280000,14.520000,12.860478,53798102
2015-08-31,14.600000,14.600000,14.080000,14.200000,12.577051,181795728
2015-09-01,14.180000,14.180000,13.380000,13.420000,11.886199,81491521
2015-09-02,13.780000,13.780000,12.800000,12.920000,11.443346,72827287
2015-09-04,13.040000,13.040000,12.500000,12.740000,11.283916,29895692
2015-09-07,12.700000,13.260000,12.540000,12.820000,11.354774,43303304
2015-09-08,12.960000,13.520000,12.860000,13.400000,11.868485,35151488
2015-09-09,13.600000,14.160000,13.520000,14.100000,12.488482,51706096
2015-09-10,13.800000,14.400000,13.740000,14.160000,12.541624,51929427
2015-09-11,14.460000,14.600000,14.200000,14.300000,12.665622,88429606
2015-09-14,14.480000,14.580000,14.100000,14.360000,12.718764,30808180
2015-09-15,14.380000,14.500000,14.280000,14.300000,12.754441,24121465
2015-09-16,14.500000,14.580000,14.280000,14.420000,12.861472,25525851
2015-09-17,14.380000,14.660000,14.260000,14.420000,12.861472,21195907
2015-09-18,14.260000,14.580000,14.260000,14.540000,12.968502,22102744
2015-09-21,14.440000,14.540000,14.280000,14.420000,12.861472,18757773
2015-09-22,14.340000,14.560000,14.340000,14.420000,12.861472,13026735
2015-09-23,14.300000,14.440000,13.960000,14.080000,12.558219,22972536
2015-09-24,14.160000,14.280000,13.980000,14.060000,12.540381,15436418
2015-09-25,14.380000,14.380000,14.020000,14.160000,12.629574,12104947
2015-09-29,13.960000,14.060000,13.740000,14.000000,12.486865,35760154
2015-09-30,14.040000,14.320000,13.960000,14.100000,12.576058,21521312
2015-10-02,14.580000,14.600000,14.340000,14.580000,13.004178,25380487
2015-10-05,14.700000,14.800000,14.480000,14.600000,13.022017,10379454
2015-10-06,14.740000,14.740000,14.060000,14.200000,12.665249,26765609
2015-10-07,14.280000,14.440000,14.040000,14.420000,12.861472,25134739
2015-10-08,14.300000,14.360000,14.000000,14.040000,12.522543,24386410
2015-10-09,14.120000,14.220000,14.040000,14.060000,12.540381,20651772
2015-10-12,14.100000,14.240000,14.000000,14.180000,12.647411,21811241
2015-10-13,14.180000,14.280000,13.980000,14.220000,12.683087,20785356
2015-10-14,14.160000,14.320000,14.160000,14.280000,12.736603,17488599
2015-10-15,14.360000,14.500000,14.260000,14.460000,12.897149,21612535
2015-10-16,14.540000,14.540000,14.380000,14.440000,12.879309,17437458
2015-10-19,14.500000,14.520000,14.240000,14.500000,12.932825,16302229
2015-10-20,14.320000,14.500000,14.320000,14.480000,12.914986,11964408
2015-10-22,14.500000,14.560000,14.340000,14.460000,12.897149,17121557
2015-10-23,14.600000,14.660000,14.460000,14.600000,13.022017,20522093
2015-10-26,14.660000,14.660000,14.340000,14.560000,12.986341,18113230
2015-10-27,14.560000,14.640000,14.400000,14.620000,13.039856,18746500
2015-10-28,14.600000,14.600000,14.420000,14.460000,12.897149,16488002
2015-10-29,14.520000,14.540000,14.380000,14.420000,12.861472,16165603
2015-10-30,14.500000,14.660000,14.360000,14.500000,12.932825,19785117
2015-11-02,14.440000,14.480000,14.100000,14.300000,12.754441,16804698
2015-11-03,14.420000,14.540000,14.320000,14.420000,12.861472,15711107
2015-11-04,14.400000,14.700000,14.400000,14.620000,13.039856,32245925
2015-11-05,14.600000,14.700000,14.540000,14.620000,13.039856,22287050
2015-11-06,14.620000,14.620000,14.480000,14.500000,12.932825,17844443
2015-11-09,14.440000,14.480000,14.280000,14.360000,12.807956,19596010
2015-11-10,14.080000,14.300000,14.040000,14.220000,12.683087,21511358
2015-11-11,14.220000,14.240000,14.020000,14.060000,12.540381,9806976
2015-11-12,14.200000,14.300000,14.020000,14.220000,12.683087,11746000
2015-11-13,14.080000,14.080000,13.860000,13.960000,12.451189,17014559
2015-11-16,13.760000,13.840000,13.580000,13.780000,12.290644,14245766
2015-11-17,14.000000,14.000000,13.700000,13.800000,12.308482,11959050
2015-11-18,13.800000,13.880000,13.620000,13.700000,12.219291,15044864
2015-11-19,13.800000,13.940000,13.740000,13.820000,12.326321,9518586
2015-11-20,13.880000,13.940000,13.740000,13.920000,12.415511,12725364
2015-11-23,13.960000,13.960000,13.760000,13.800000,12.308482,8620676
2015-11-24,13.880000,14.020000,13.740000,13.920000,12.415511,13796953
2015-11-25,13.900000,14.060000,13.820000,13.940000,12.433351,13762980
2015-11-26,14.040000,14.140000,13.860000,13.880000,12.379835,12214873
2015-11-27,13.900000,13.940000,13.660000,13.680000,12.201451,19109656
2015-11-30,13.700000,13.820000,13.520000,13.600000,12.130098,32956978
2015-12-01,13.820000,14.060000,13.740000,14.000000,12.486865,24271887
2015-12-02,14.200000,14.220000,13.980000,14.080000,12.558219,16352135
2015-12-03,14.020000,14.100000,13.960000,14.040000,12.522543,13213388
2015-12-04,13.920000,13.980000,13.860000,13.920000,12.415511,13855688
2015-12-07,14.140000,14.140000,13.860000,13.900000,12.397674,7480571
2015-12-08,13.900000,13.900000,13.600000,13.740000,12.254967,13522366
2015-12-09,13.800000,13.860000,13.640000,13.800000,12.308482,12316991
2015-12-10,13.780000,13.800000,13.640000,13.740000,12.254967,8053546
2015-12-11,13.640000,13.700000,13.540000,13.600000,12.130098,10906729
2015-12-14,13.600000,13.800000,13.380000,13.660000,12.183614,11998118
2015-12-15,13.760000,13.800000,13.620000,13.640000,12.165775,7521264
2015-12-16,13.800000,13.840000,13.680000,13.760000,12.272805,6475871
2015-12-17,13.780000,13.840000,13.660000,13.780000,12.290644,8147218
2015-12-18,13.640000,13.780000,13.620000,13.700000,12.219291,10693351
2015-12-21,13.600000,13.820000,13.580000,13.700000,12.219291,7660036
2015-12-22,13.760000,13.780000,13.520000,13.620000,12.147935,6906843
2015-12-23,13.640000,13.820000,13.620000,13.780000,12.290644,7955673
2015-12-24,13.840000,13.940000,13.740000,13.760000,12.272805,3956182
2015-12-28,13.900000,13.900000,13.640000,13.680000,12.201451,8189080
2015-12-29,13.700000,13.860000,13.660000,13.800000,12.308482,7599413
2015-12-30,13.860000,13.900000,13.720000,13.740000,12.254967,6069592
2015-12-31,13.780000,13.900000,13.680000,13.720000,12.237128,2820807
2016-01-04,13.380000,13.520000,13.280000,13.340000,11.898199,13939692
2016-01-05,13.260000,13.420000,13.100000,13.160000,11.737654,16897337
2016-01-06,13.160000,13.200000,12.820000,12.820000,11.434400,18025576
2016-01-07,12.820000,12.900000,12.540000,12.560000,11.202503,12894381
2016-01-08,12.680000,12.800000,12.440000,12.520000,11.166826,14902808
2016-01-11,12.200000,12.280000,12.000000,12.140000,10.827896,17001669
2016-01-12,12.320000,12.320000,11.840000,12.020000,10.720866,21218342
2016-01-13,12.180000,12.240000,11.840000,11.880000,10.595998,9457644
2016-01-14,11.520000,12.000000,11.460000,11.860000,10.578159,15161364
2016-01-15,11.780000,11.860000,11.260000,11.340000,10.114362,13077230
2016-01-18,11.360000,11.540000,11.100000,11.380000,10.150038,14434806
2016-01-19,11.500000,11.540000,11.280000,11.460000,10.221392,16054260
2016-01-20,11.300000,11.400000,10.820000,10.840000,9.668402,14693540
2016-01-21,11.340000,11.380000,10.640000,10.720000,9.561372,19091190
2016-01-22,11.040000,11.080000,10.780000,10.900000,9.721917,15747598
2016-01-25,10.980000,11.040000,10.720000,10.840000,9.668402,9865000
2016-01-26,10.520000,10.880000,10.440000,10.880000,9.704077,31508726
2016-01-27,10.960000,10.980000,10.620000,10.820000,9.650563,12624746
2016-01-28,10.840000,10.960000,10.700000,10.780000,9.614886,9412281
2016-01-29,10.880000,10.980000,10.600000,10.940000,9.757593,12767400
2016-02-01,10.520000,10.840000,10.460000,10.720000,9.561372,14249258
2016-02-02,10.600000,10.740000,10.520000,10.680000,9.525695,11976866
2016-02-03,10.680000,10.720000,10.300000,10.680000,9.525695,14878197
2016-02-04,10.780000,10.860000,10.620000,10.720000,9.561372,7633500
2016-02-05,10.600000,10.800000,10.560000,10.600000,9.454343,5687000
2016-02-11,10.380000,10.580000,10.020000,10.440000,9.311633,31697928
2016-02-12,10.260000,10.320000,10.100000,10.120000,9.026219,7834848
2016-02-15,10.380000,10.420000,10.280000,10.360000,9.240280,15899087
2016-02-16,10.320000,10.540000,10.320000,10.440000,9.311633,14947928
2016-02-17,10.280000,10.540000,10.280000,10.360000,9.240280,8282144
2016-02-18,10.580000,10.780000,10.540000,10.780000,9.614886,11736600
2016-02-19,10.620000,10.820000,10.620000,10.660000,9.507855,7859490
2016-02-22,10.740000,10.880000,10.680000,10.840000,9.668402,5881451
2016-02-23,10.880000,10.900000,10.520000,10.640000,9.490018,4638989
2016-02-24,10.660000,10.700000,10.520000,10.660000,9.507855,4833945
2016-02-25,10.760000,10.760000,10.400000,10.460000,9.329473,8603981
2016-02-26,10.640000,11.020000,10.640000,10.920000,9.739755,10344770
2016-02-29,10.800000,10.920000,10.540000,10.580000,9.436502,7014715
2016-03-01,10.780000,10.960000,10.600000,10.960000,9.775431,6417801
2016-03-02,11.120000,11.480000,11.020000,11.460000,10.221392,16583915
2016-03-03,11.660000,11.660000,11.240000,11.420000,10.185716,8320000
2016-03-04,11.480000,11.840000,11.400000,11.820000,10.542481,15426376
2016-03-07,11.880000,11.960000,11.760000,11.820000,10.542481,7490133
2016-03-08,12.040000,12.060000,11.740000,11.840000,10.560321,8151086
2016-03-09,11.600000,11.600000,11.120000,11.540000,10.292746,14849386
2016-03-10,11.660000,11.660000,11.160000,11.280000,10.060846,12187880
2016-03-11,11.360000,12.480000,11.160000,12.320000,10.988441,54035707
2016-03-14,12.480000,12.500000,11.960000,12.000000,10.703027,26246725
2016-03-15,12.100000,12.160000,11.760000,11.800000,10.524645,11452736
2016-03-16,11.800000,11.920000,11.600000,11.720000,10.453290,8471252
2016-03-17,12.020000,12.280000,11.840000,11.980000,10.685188,11980196
2016-03-18,12.000000,12.100000,11.820000,11.960000,10.667351,20413746
2016-03-21,12.040000,12.040000,11.760000,11.800000,10.524645,13775120
2016-03-22,11.800000,11.980000,11.740000,11.840000,10.560321,11268088
2016-03-23,11.740000,11.980000,11.740000,11.960000,10.667351,9390660
2016-03-24,11.920000,11.920000,11.640000,11.840000,10.560321,10440490
2016-03-29,11.860000,11.880000,11.520000,11.540000,10.292746,7614500
2016-03-30,11.620000,11.940000,11.500000,11.900000,10.613835,15067502
2016-03-31,11.920000,11.920000,11.680000,11.800000,10.524645,9823785
2016-04-01,11.800000,11.800000,11.500000,11.720000,10.453290,13089484
2016-04-05,11.440000,11.540000,11.280000,11.520000,10.274906,12987182
2016-04-06,11.400000,11.580000,11.340000,11.560000,10.310584,9636766
2016-04-07,11.580000,11.580000,11.300000,11.400000,10.167875,12026629
2016-04-08,11.220000,11.600000,11.180000,11.580000,10.328422,9200975
2016-04-11,11.420000,11.680000,11.420000,11.620000,10.364098,7493716
2016-04-12,11.660000,11.860000,11.640000,11.840000,10.560321,6648844
2016-04-13,11.900000,12.360000,11.900000,12.320000,10.988441,23191372
2016-04-14,12.560000,12.560000,12.160000,12.240000,10.917088,12644144
2016-04-15,12.300000,12.340000,12.120000,12.240000,10.917088,10787561
2016-04-18,12.160000,12.340000,11.900000,12.140000,10.827896,9578002
2016-04-19,12.300000,12.300000,12.060000,12.200000,10.881411,9653807
2016-04-20,12.200000,12.240000,11.860000,12.060000,10.756542,11562513
2016-04-21,12.140000,12.240000,12.060000,12.200000,10.881411,9446482
2016-04-22,12.100000,12.120000,11.920000,12.100000,10.792220,6308241
2016-04-25,11.980000,12.020000,11.820000,11.960000,10.667351,8219688
2016-04-26,11.980000,11.980000,11.400000,11.660000,10.399776,13000925
2016-04-27,11.500000,11.600000,11.420000,11.540000,10.292746,10770806
2016-04-28,11.660000,11.800000,11.320000,11.540000,10.292746,19475388
2016-04-29,11.480000,11.480000,11.240000,11.360000,10.132200,13210456
2016-05-03,11.220000,11.280000,11.140000,11.220000,10.007331,12986847
2016-05-04,11.100000,11.320000,11.080000,11.220000,10.007331,9817041
2016-05-05,11.100000,11.140000,10.920000,11.100000,9.900301,12041545
2016-05-06,10.940000,11.100000,10.800000,10.980000,9.793271,19664460
2016-05-09,11.040000,11.080000,10.820000,11.080000,9.882463,14089231
2016-05-10,10.820000,11.040000,10.700000,10.960000,9.775431,16877233
2016-05-11,10.900000,10.920000,10.640000,10.780000,9.614886,13329804
2016-05-12,10.700000,11.040000,10.540000,11.000000,9.811109,18890497
2016-05-13,10.760000,10.940000,10.600000,10.920000,9.739755,24297667
2016-05-16,10.780000,10.940000,10.600000,10.920000,9.739755,16204345
2016-05-17,10.820000,10.920000,10.620000,10.900000,9.721917,12097219
2016-05-18,10.720000,10.980000,10.640000,10.940000,9.757593,18545592
2016-05-19,10.920000,10.940000,10.760000,10.900000,9.721917,14670000
2016-05-20,10.880000,10.980000,10.800000,10.900000,9.721917,13157994
2016-05-23,10.780000,10.960000,10.780000,10.940000,9.757593,8372515
2016-05-24,11.000000,11.000000,10.800000,10.900000,9.721917,6592973
2016-05-25,11.000000,11.340000,11.000000,11.200000,9.989493,14708166
2016-05-26,11.220000,11.220000,11.060000,11.160000,9.953815,10243529
2016-05-27,11.160000,11.160000,10.920000,11.080000,9.882463,15440495
2016-05-30,11.040000,11.280000,11.020000,11.180000,9.971653,7646363
2016-05-31,11.140000,11.380000,11.140000,11.280000,10.060846,21712247
2016-06-01,11.280000,11.280000,11.060000,11.080000,9.882463,10194298
2016-06-02,11.120000,11.140000,10.940000,10.960000,9.775431,19011323
2016-06-03,10.980000,11.220000,10.980000,11.120000,9.918139,43146349
2016-06-06,11.160000,11.340000,11.060000,11.280000,10.060846,19474317
2016-06-07,11.480000,11.540000,11.380000,11.500000,10.257069,16863000
2016-06-08,11.480000,11.600000,11.420000,11.480000,10.239228,11762281
2016-06-10,11.460000,11.520000,11.080000,11.200000,9.989493,12469200
2016-06-13,10.820000,11.060000,10.760000,10.860000,9.862353,12952631
2016-06-14,10.940000,11.040000,10.680000,10.820000,9.826028,14556675
2016-06-15,10.740000,10.860000,10.700000,10.800000,9.807867,12477402
2016-06-16,10.720000,10.840000,10.600000,10.800000,9.807867,19604685
2016-06-17,10.880000,10.980000,10.720000,10.820000,9.826028,56744217
2016-06-20,10.980000,11.000000,10.840000,10.960000,9.953166,10601029
2016-06-21,11.020000,11.160000,10.980000,11.140000,10.116632,6769894
2016-06-22,11.120000,11.260000,11.000000,11.180000,10.152956,8987625
2016-06-23,11.180000,11.200000,11.060000,11.180000,10.152956,8718800
2016-06-24,11.000000,11.380000,10.620000,11.000000,9.989492,17542499
2016-06-27,10.920000,11.060000,10.780000,10.960000,9.953166,5239800
2016-06-28,10.960000,10.980000,10.800000,10.960000,9.953166,8388867
2016-06-29,11.040000,11.080000,10.900000,11.000000,9.989492,5213100
2016-06-30,11.200000,11.300000,11.060000,11.280000,10.243771,11822007
2016-07-04,11.080000,11.460000,11.080000,11.420000,10.370910,6540400
2016-07-05,11.380000,11.400000,11.200000,11.260000,10.225608,4790340
2016-07-06,11.200000,11.200000,11.000000,11.040000,10.025819,8971479
2016-07-07,11.140000,11.240000,11.060000,11.160000,10.134794,4125932
2016-07-08,11.120000,11.180000,11.000000,11.060000,10.043981,3797509
2016-07-11,11.320000,11.400000,11.240000,11.340000,10.298260,5066282
2016-07-12,11.400000,11.500000,11.280000,11.500000,10.443561,9140794
2016-07-13,11.560000,11.660000,11.460000,11.500000,10.443561,8908652
2016-07-14,11.500000,11.760000,11.460000,11.720000,10.643351,16367170
2016-07-15,11.760000,11.920000,11.660000,11.680000,10.607025,11871940
2016-07-18,11.780000,11.920000,11.640000,11.700000,10.625187,8851369
2016-07-19,11.680000,11.780000,11.620000,11.700000,10.625187,5228092
2016-07-20,11.660000,11.980000,11.640000,11.780000,10.697838,10069567
2016-07-21,11.860000,11.900000,11.760000,11.800000,10.716002,4671609
2016-07-22,11.820000,11.880000,11.600000,11.720000,10.643351,8061357
2016-07-25,11.740000,11.780000,11.540000,11.780000,10.697838,3692809
2016-07-26,11.760000,12.000000,11.700000,11.860000,10.770490,7886900
2016-07-27,11.920000,12.060000,11.880000,11.980000,10.879465,9136870
2016-07-28,11.940000,12.040000,11.840000,12.000000,10.897627,9038512
2016-07-29,12.000000,12.040000,11.680000,11.720000,10.643351,10531700
2016-08-01,11.760000,11.940000,11.720000,11.900000,10.806814,9790751
2016-08-02,11.900000,11.900000,11.900000,11.900000,10.806814,0
2016-08-03,11.880000,11.920000,11.600000,11.640000,10.570701,5661592
2016-08-04,11.760000,11.780000,11.660000,11.740000,10.661512,2939932
2016-08-05,11.780000,11.880000,11.680000,11.780000,10.697838,5681559
2016-08-08,11.840000,12.020000,11.780000,12.020000,10.915792,11059559
2016-08-09,12.040000,12.440000,12.040000,12.440000,11.297207,18951410
2016-08-10,12.500000,12.540000,12.060000,12.300000,11.170068,13988406
2016-08-11,12.200000,12.440000,12.200000,12.340000,11.206394,10990488
2016-08-12,12.380000,12.520000,12.340000,12.500000,11.351695,12667537
2016-08-15,12.480000,12.780000,12.460000,12.660000,11.496999,12030795
2016-08-16,12.700000,12.780000,12.580000,12.660000,11.496999,8628059
2016-08-17,12.780000,12.780000,12.520000,12.620000,11.460672,8803656
2016-08-18,12.700000,12.740000,12.580000,12.680000,11.515161,7640420
2016-08-19,12.680000,12.700000,12.560000,12.600000,11.442511,5037632
2016-08-22,12.680000,12.680000,12.400000,12.660000,11.496999,4741569
2016-08-23,12.520000,12.720000,12.520000,12.620000,11.460672,6952000
2016-08-24,12.620000,12.660000,12.400000,12.640000,11.478835,5635108
2016-08-25,12.500000,12.520000,12.240000,12.460000,11.315372,6368000
2016-08-26,12.460000,12.600000,12.440000,12.560000,11.406184,6121272
2016-08-29,12.560000,12.620000,12.340000,12.520000,11.369858,8432875
2016-08-30,12.720000,12.720000,12.340000,12.460000,11.315372,12497000
2016-08-31,12.400000,12.480000,12.160000,12.220000,11.097418,16581952
2016-09-01,12.260000,12.260000,11.980000,12.120000,11.006604,12269335
2016-09-02,12.120000,12.240000,11.840000,11.980000,10.879465,16394375
2016-09-05,12.080000,12.120000,11.980000,12.100000,10.988442,9533667
2016-09-06,12.140000,12.160000,11.940000,12.160000,11.042931,10950193
2016-09-07,12.080000,12.340000,12.080000,12.220000,11.097418,16715000
2016-09-08,12.200000,12.260000,12.060000,12.220000,11.097418,14698659
2016-09-09,12.120000,12.600000,12.120000,12.440000,11.297207,30554742
2016-09-12,12.280000,12.280000,11.960000,12.000000,10.897627,16130832
2016-09-13,12.100000,12.160000,11.780000,11.860000,10.770490,13287909
2016-09-14,11.840000,11.940000,11.520000,11.680000,10.697221,16661448
2016-09-15,11.700000,11.800000,11.640000,11.660000,10.678904,13743527
2016-09-19,11.700000,11.820000,11.540000,11.700000,10.715537,12524991
2016-09-20,11.680000,11.700000,11.500000,11.580000,10.605636,12437527
2016-09-21,11.500000,11.640000,11.500000,11.540000,10.569001,12872082
2016-09-22,11.680000,11.800000,11.560000,11.600000,10.623953,9761587
2016-09-23,11.660000,11.700000,11.400000,11.460000,10.495732,12734703
2016-09-26,11.440000,11.440000,11.120000,11.240000,10.294243,14686324
2016-09-27,11.320000,11.320000,11.140000,11.200000,10.257609,11722834
2016-09-28,11.200000,11.240000,11.080000,11.160000,10.220974,7522625
2016-09-29,11.300000,11.380000,11.200000,11.320000,10.367512,7793712
2016-09-30,11.280000,11.280000,11.040000,11.060000,10.129389,9296196
2016-10-03,11.180000,11.320000,11.100000,11.160000,10.220974,6014910
2016-10-04,11.200000,11.220000,11.020000,11.220000,10.275927,7921310
2016-10-05,11.200000,11.420000,11.160000,11.400000,10.440780,8929809
2016-10-06,11.380000,11.500000,11.300000,11.440000,10.477414,11210612
2016-10-07,11.480000,11.480000,11.280000,11.400000,10.440780,6578260
2016-10-11,11.400000,11.460000,11.100000,11.220000,10.275927,7835841
2016-10-12,11.200000,11.220000,11.020000,11.100000,10.166023,13778161
2016-10-13,11.200000,11.200000,10.960000,11.000000,10.074437,12899630
2016-10-14,11.020000,11.180000,11.020000,11.140000,10.202658,6017829
2016-10-17,11.200000,11.200000,11.000000,11.060000,10.129389,3253601
2016-10-18,11.100000,11.280000,11.060000,11.240000,10.294243,9053579
2016-10-19,11.240000,11.380000,11.140000,11.180000,10.239291,4376319
2016-10-20,11.300000,11.320000,11.200000,11.220000,10.275927,5077778
2016-10-21,11.220000,11.220000,11.220000,11.220000,10.275927,0
2016-10-24,11.240000,11.580000,11.060000,11.520000,10.550684,15001105
2016-10-25,11.540000,11.540000,11.300000,11.400000,10.440780,7320556
2016-10-26,11.380000,11.380000,11.200000,11.260000,10.312560,9201000
2016-10-27,11.320000,11.320000,11.060000,11.180000,10.239291,5171457
2016-10-28,11.060000,11.220000,11.020000,11.120000,10.184340,8085426
2016-10-31,11.120000,11.220000,11.060000,11.140000,10.202658,5550723
2016-11-01,11.200000,11.420000,11.080000,11.380000,10.422463,17336580
2016-11-02,11.260000,11.380000,11.120000,11.200000,10.257609,6510332
2016-11-03,11.080000,11.200000,11.080000,11.200000,10.257609,8130601
2016-11-04,11.180000,11.200000,11.080000,11.120000,10.184340,5307135
2016-11-07,11.200000,11.300000,11.040000,11.200000,10.257609,10980000
2016-11-08,11.300000,11.340000,11.240000,11.320000,10.367512,9433000
2016-11-09,11.400000,11.400000,10.780000,11.120000,10.184340,19506433
2016-11-10,11.280000,11.620000,11.240000,11.520000,10.550684,21606864
2016-11-11,11.420000,11.460000,11.200000,11.420000,10.459099,16332384
2016-11-14,11.260000,11.460000,11.260000,11.380000,10.422463,13606345
2016-11-15,11.500000,11.600000,11.440000,11.580000,10.605636,13482271
2016-11-16,11.600000,11.760000,11.500000,11.640000,10.660587,15447152
2016-11-17,11.620000,11.740000,11.580000,11.700000,10.715537,8486909
2016-11-18,11.740000,11.740000,11.480000,11.680000,10.697221,5828473
2016-11-21,11.680000,11.800000,11.540000,11.800000,10.807124,7805381
2016-11-22,11.860000,12.000000,11.740000,11.960000,10.953661,10964752
2016-11-23,11.900000,12.020000,11.900000,12.000000,10.990294,6616978
2016-11-24,12.000000,12.040000,11.800000,12.000000,10.990294,8463259
2016-11-25,12.000000,12.100000,11.960000,12.060000,11.045247,7942070
2016-11-28,12.120000,12.260000,12.020000,12.200000,11.173467,7972817
2016-11-29,12.100000,12.240000,12.040000,12.100000,11.081882,9506965
2016-11-30,12.220000,12.240000,11.920000,11.940000,10.935344,19636821
2016-12-01,11.980000,12.200000,11.980000,11.980000,10.971978,5765509
2016-12-02,11.800000,12.020000,11.760000,11.780000,10.788806,8254747
2016-12-05,11.800000,11.880000,11.640000,11.700000,10.715537,4924067
2016-12-06,11.780000,11.940000,11.740000,11.800000,10.807124,5550888
2016-12-07,11.800000,11.920000,11.780000,11.900000,10.898709,3974420
2016-12-08,11.980000,12.040000,11.900000,12.040000,11.026930,6597096
2016-12-09,12.000000,12.000000,11.740000,11.860000,10.862076,6029409
2016-12-12,11.900000,11.900000,11.500000,11.580000,10.605636,6702172
2016-12-13,11.680000,11.680000,11.400000,11.580000,10.605636,9663486
2016-12-14,11.600000,11.680000,11.520000,11.540000,10.569001,4447755
2016-12-15,11.340000,11.440000,11.120000,11.420000,10.459099,15701208
2016-12-16,11.380000,11.520000,11.240000,11.520000,10.550684,17295462
2016-12-19,11.460000,11.460000,11.200000,11.200000,10.257609,7502758
2016-12-20,11.140000,11.260000,11.040000,11.100000,10.166023,6219026
2016-12-21,11.040000,11.180000,11.000000,11.040000,10.111073,8203741
2016-12-22,11.000000,11.040000,10.900000,10.900000,9.982852,10170913
2016-12-23,10.880000,11.000000,10.760000,10.900000,9.982852,17565231
2016-12-28,10.920000,11.060000,10.840000,10.940000,10.019485,7457738
2016-12-29,10.980000,11.020000,10.840000,11.020000,10.092755,6831765
2016-12-30,11.020000,11.100000,10.980000,11.100000,10.166023,7667426
2017-01-03,11.160000,11.160000,10.980000,11.060000,10.129389,3633780
2017-01-04,11.040000,11.220000,11.040000,11.140000,10.202658,4266026
2017-01-05,11.200000,11.380000,11.100000,11.360000,10.404147,8004203
2017-01-06,11.400000,11.400000,11.260000,11.320000,10.367512,3616923
2017-01-09,11.400000,11.460000,11.200000,11.460000,10.495732,6321725
2017-01-10,11.480000,11.480000,11.300000,11.380000,10.422463,5914194
2017-01-11,11.420000,11.500000,11.340000,11.480000,10.514049,5746958
2017-01-12,11.480000,11.600000,11.440000,11.480000,10.514049,5635834
2017-01-13,11.540000,11.580000,11.420000,11.520000,10.550684,4290312
2017-01-16,11.500000,11.520000,11.240000,11.260000,10.312560,3626384
2017-01-17,11.320000,11.340000,11.260000,11.320000,10.367512,3094095
2017-01-18,11.380000,11.580000,11.340000,11.480000,10.514049,6486000
2017-01-19,11.480000,11.500000,11.360000,11.460000,10.495732,4437912
2017-01-20,11.380000,11.460000,11.320000,11.320000,10.367512,2178690
2017-01-23,11.380000,11.560000,11.340000,11.380000,10.422463,4867039
2017-01-24,11.420000,11.440000,11.380000,11.440000,10.477414,2986218
2017-01-25,11.480000,11.480000,11.280000,11.380000,10.422463,3285294
2017-01-26,11.440000,11.520000,11.420000,11.500000,10.532367,5166000
2017-01-27,11.420000,11.580000,11.400000,11.540000,10.569001,3119708
2017-02-01,11.560000,11.560000,11.260000,11.400000,10.440780,5357777
2017-02-02,11.440000,11.480000,11.280000,11.300000,10.349195,4144676
2017-02-03,11.400000,11.400000,11.240000,11.320000,10.367512,4420644
2017-02-06,11.360000,11.380000,11.280000,11.360000,10.404147,4409108
2017-02-07,11.320000,11.400000,11.280000,11.380000,10.422463,4353279
2017-02-08,11.360000,11.640000,11.320000,11.640000,10.660587,7612459
2017-02-09,11.520000,11.680000,11.520000,11.580000,10.605636,5061475
2017-02-10,11.620000,11.780000,11.620000,11.760000,10.770490,6126690
2017-02-13,11.800000,11.860000,11.700000,11.860000,10.862076,7608720
2017-02-14,11.880000,11.880000,11.660000,11.660000,10.678904,5801707
2017-02-15,11.800000,11.960000,11.720000,11.900000,10.898709,13224034
2017-02-16,11.760000,11.920000,11.660000,11.920000,10.917027,14148080
2017-02-17,11.900000,11.900000,11.440000,11.520000,10.550684,13341717
2017-02-20,11.580000,11.640000,11.460000,11.520000,10.550684,10475000
2017-02-21,11.580000,11.580000,11.440000,11.480000,10.514049,8952640
2017-02-22,11.480000,11.580000,11.420000,11.480000,10.514049,10741802
2017-02-23,11.500000,11.580000,11.420000,11.460000,10.495732,4850536
2017-02-24,11.500000,11.500000,11.340000,11.360000,10.404147,10557364
2017-02-27,11.400000,11.400000,11.160000,11.200000,10.257609,17124822
2017-02-28,11.240000,11.340000,11.140000,11.140000,10.202658,11248102
2017-03-01,11.200000,11.260000,11.120000,11.160000,10.220974,9394356
2017-03-02,11.220000,11.300000,11.060000,11.100000,10.166023,9757408
2017-03-03,11.120000,11.120000,10.960000,11.000000,10.074437,9749380
2017-03-06,11.000000,11.120000,11.000000,11.080000,10.147706,7150074
2017-03-07,10.940000,11.180000,10.940000,11.080000,10.147706,5913873
2017-03-08,11.120000,11.120000,11.000000,11.060000,10.129389,6204420
2017-03-09,11.000000,11.060000,10.940000,10.980000,10.056121,6900014
2017-03-10,11.020000,11.020000,10.860000,10.940000,10.019485,3668921
2017-03-13,11.000000,11.140000,10.860000,11.100000,10.166023,13286097
2017-03-14,11.100000,11.120000,10.920000,11.040000,10.111073,10737380
2017-03-15,11.040000,11.060000,10.920000,11.000000,10.074437,4060917
2017-03-16,11.020000,11.400000,11.020000,11.400000,10.440780,16894467
2017-03-17,11.480000,11.480000,11.200000,11.260000,10.312560,29271565
2017-03-20,11.200000,11.400000,11.180000,11.340000,10.385830,9302398
2017-03-21,11.400000,11.540000,11.380000,11.520000,10.550684,18706000
2017-03-22,11.440000,11.440000,11.240000,11.280000,10.330878,10884353
2017-03-23,11.360000,11.360000,11.180000,11.240000,10.294243,9053991
2017-03-24,11.260000,11.260000,11.040000,11.080000,10.147706,12008718
2017-03-27,11.000000,11.080000,10.920000,10.980000,10.056121,11898606
2017-03-28,11.000000,11.120000,11.000000,11.100000,10.166023,5420000
2017-03-29,11.160000,11.160000,11.040000,11.080000,10.147706,5994622
2017-03-30,11.120000,11.120000,11.020000,11.100000,10.166023,8056824
2017-03-31,11.120000,11.120000,10.920000,11.080000,10.147706,8728000
2017-04-03,11.040000,11.160000,11.040000,11.160000,10.220974,5470083
2017-04-05,11.080000,11.160000,10.940000,11.080000,10.147706,16178076
2017-04-06,10.960000,11.060000,10.960000,11.060000,10.129389,4156807
2017-04-07,11.080000,11.080000,10.880000,11.060000,10.129389,10726295
2017-04-10,11.060000,11.060000,10.960000,11.020000,10.092755,3828942
2017-04-11,10.980000,11.060000,10.820000,10.920000,10.001169,9725105
2017-04-12,10.900000,11.040000,10.900000,11.040000,10.111073,6779958
2017-04-13,11.040000,11.040000,10.940000,11.000000,10.074437,5364010
2017-04-18,10.980000,11.000000,10.800000,10.800000,9.891267,9299000
2017-04-19,10.860000,10.860000,10.660000,10.720000,9.817998,11428979
2017-04-20,10.760000,10.840000,10.660000,10.840000,9.927900,5341380
2017-04-21,10.940000,11.000000,10.860000,10.920000,10.001169,8004518
2017-04-24,10.900000,11.040000,10.880000,11.040000,10.111073,5451907
2017-04-25,11.080000,11.120000,11.020000,11.120000,10.184340,10367724
2017-04-26,11.120000,11.280000,11.120000,11.280000,10.330878,16352847
2017-04-27,11.280000,11.280000,11.080000,11.200000,10.257609,6257671
2017-04-28,11.300000,11.300000,11.180000,11.280000,10.330878,12721280
2017-05-02,11.280000,11.280000,11.100000,11.240000,10.294243,5880378
2017-05-04,11.220000,11.280000,11.100000,11.280000,10.330878,10078332
2017-05-05,11.300000,11.300000,11.100000,11.120000,10.184340,10273791
2017-05-08,11.220000,11.220000,11.060000,11.060000,10.129389,7301650
2017-05-09,11.120000,11.260000,11.020000,11.260000,10.312560,7611316
2017-05-10,11.280000,11.380000,11.240000,11.360000,10.404147,17689353
2017-05-11,11.280000,11.460000,11.280000,11.460000,10.495732,13340799
2017-05-12,11.520000,11.520000,11.400000,11.480000,10.514049,9028156
2017-05-15,11.500000,11.520000,11.420000,11.520000,10.550684,9018514
2017-05-16,11.740000,12.000000,11.720000,11.980000,10.971978,45629019
2017-05-17,12.000000,12.160000,11.980000,12.000000,10.990294,20752889
2017-05-18,12.000000,12.080000,11.840000,11.980000,10.971978,11904937
2017-05-19,11.980000,12.080000,11.920000,12.020000,11.008614,9754506
2017-05-22,12.060000,12.120000,12.000000,12.100000,11.081882,9550364
2017-05-23,12.180000,12.180000,12.040000,12.140000,11.118516,19016760
2017-05-24,12.180000,12.200000,12.100000,12.160000,11.136833,16745688
2017-05-25,12.160000,12.240000,12.140000,12.160000,11.136833,11948185
2017-05-26,12.220000,12.380000,12.180000,12.240000,11.210101,13410403
2017-05-29,12.280000,12.360000,12.180000,12.300000,11.265052,14770854
2017-05-31,12.360000,12.380000,12.200000,12.360000,11.320004,104632898
2017-06-01,12.400000,12.400000,12.120000,12.260000,11.228418,38514215
2017-06-02,12.260000,12.300000,12.180000,12.240000,11.210101,8203532
2017-06-05,12.240000,12.300000,12.200000,12.300000,11.265052,7942335
2017-06-06,12.340000,12.480000,12.300000,12.420000,11.374956,10999116
2017-06-07,12.480000,12.660000,12.400000,12.620000,11.558127,19907400
2017-06-08,12.620000,12.640000,12.440000,12.580000,11.521493,8168186
2017-06-09,12.680000,12.700000,12.260000,12.540000,11.484859,16141184
2017-06-12,12.500000,12.580000,12.200000,12.380000,11.338322,10877816
2017-06-13,12.420000,12.440000,12.300000,12.440000,11.393272,9102808
2017-06-14,12.440000,12.440000,12.240000,12.400000,11.356639,9121709
2017-06-15,12.160000,12.160000,12.000000,12.060000,11.253990,6933580
2017-06-16,12.000000,12.200000,12.000000,12.200000,11.384633,10646969
2017-06-19,12.160000,12.400000,12.120000,12.400000,11.571266,6933500
2017-06-20,12.420000,12.460000,12.260000,12.340000,11.515277,4818128
2017-06-21,12.220000,12.320000,12.100000,12.240000,11.421960,6539689
2017-06-22,12.160000,12.280000,12.100000,12.200000,11.384633,6622638
2017-06-23,12.160000,12.200000,12.020000,12.040000,11.235327,7447477
2017-06-26,12.140000,12.140000,12.020000,12.060000,11.253990,7441018
2017-06-27,12.020000,12.040000,11.920000,11.980000,11.179337,6604072
2017-06-28,12.000000,12.000000,11.860000,11.900000,11.104683,5108544
2017-06-29,11.900000,11.960000,11.840000,11.900000,11.104683,5810626
2017-06-30,11.920000,11.920000,11.700000,11.740000,10.955377,10443682
2017-07-03,11.640000,11.820000,11.640000,11.800000,11.011368,5490151
2017-07-04,11.720000,11.840000,11.520000,11.640000,10.862061,8951261
2017-07-05,11.500000,11.620000,11.500000,11.620000,10.843396,8541572
2017-07-06,11.640000,11.660000,11.500000,11.500000,10.731418,5730412
2017-07-07,11.480000,11.560000,11.440000,11.440000,10.675426,5670100
2017-07-10,11.420000,11.600000,11.400000,11.500000,10.731418,5931775
2017-07-11,11.500000,11.560000,11.420000,11.560000,10.787407,11743000
2017-07-12,11.560000,11.700000,11.500000,11.640000,10.862061,12436898
2017-07-13,11.700000,11.880000,11.680000,11.860000,11.067356,8618385
2017-07-14,11.860000,11.900000,11.740000,11.780000,10.992703,4392500
2017-07-17,11.860000,11.900000,11.560000,11.720000,10.936713,8557392
2017-07-18,11.700000,11.780000,11.580000,11.700000,10.918050,7968552
2017-07-19,11.620000,11.780000,11.620000,11.780000,10.992703,6932194
2017-07-20,11.720000,11.840000,11.620000,11.620000,10.843396,8591453
2017-07-21,11.640000,11.780000,11.620000,11.780000,10.992703,4864859
2017-07-24,11.840000,11.840000,11.720000,11.820000,11.030029,5306562
2017-07-25,11.840000,11.920000,11.820000,11.840000,11.048694,7930666
2017-07-26,11.780000,11.920000,11.780000,11.920000,11.123346,5836409
2017-07-27,11.900000,11.940000,11.800000,11.860000,11.067356,4814461
2017-07-28,11.760000,11.840000,11.740000,11.820000,11.030029,5227074
2017-07-31,11.840000,11.880000,11.760000,11.880000,11.086020,6408326
2017-08-01,11.920000,12.000000,11.760000,11.780000,10.992703,8759918
2017-08-02,11.760000,11.900000,11.760000,11.780000,10.992703,8513823
2017-08-03,11.760000,11.940000,11.760000,11.860000,11.067356,7576462
2017-08-04,11.900000,11.980000,11.860000,11.940000,11.142010,8061000
2017-08-07,11.980000,12.280000,11.940000,12.240000,11.421960,11111573
2017-08-08,12.320000,12.320000,12.140000,12.220000,11.403296,10958751
2017-08-09,12.160000,12.300000,12.080000,12.140000,11.328644,6261509
2017-08-10,12.180000,12.200000,11.880000,11.920000,11.123346,8181880
2017-08-11,11.860000,12.000000,11.640000,11.720000,10.936713,14695963
2017-08-14,11.820000,11.820000,11.640000,11.640000,10.862061,6690885
2017-08-15,11.580000,11.680000,11.520000,11.540000,10.768744,6814273
2017-08-16,11.500000,11.760000,11.500000,11.740000,10.955377,8150409
2017-08-17,11.600000,11.780000,11.560000,11.620000,10.843396,8137136
2017-08-18,11.500000,11.540000,11.380000,11.380000,10.619436,11211409
2017-08-21,11.340000,11.440000,11.340000,11.380000,10.619436,7993910
2017-08-22,11.480000,11.900000,11.460000,11.760000,10.974040,15586552
2017-08-23,11.760000,11.760000,11.760000,11.760000,10.974040,0
2017-08-24,11.820000,11.840000,11.480000,11.660000,10.880724,8336882
2017-08-25,11.520000,11.920000,11.520000,11.800000,11.011368,7967000
2017-08-28,11.800000,12.000000,11.800000,11.880000,11.086020,8600069
2017-08-29,11.920000,12.320000,11.860000,12.100000,11.291317,17489084
2017-08-30,12.080000,12.160000,11.780000,11.940000,11.142010,15004268
2017-08-31,11.980000,12.100000,11.920000,12.020000,11.216664,10108579
2017-09-01,11.960000,12.020000,11.920000,11.980000,11.179337,6098225
2017-09-04,11.900000,12.000000,11.800000,11.820000,11.030029,4018846
2017-09-05,11.880000,11.900000,11.760000,11.800000,11.011368,3889235
2017-09-06,11.820000,11.820000,11.480000,11.660000,10.880724,9454988
2017-09-07,11.740000,11.740000,11.640000,11.660000,10.880724,7862531
2017-09-08,11.800000,11.860000,11.720000,11.800000,11.011368,7466802
2017-09-11,11.800000,11.980000,11.800000,11.880000,11.086020,6198953
2017-09-12,11.820000,11.920000,11.800000,11.840000,11.048694,6995657
2017-09-13,11.840000,11.920000,11.780000,11.860000,11.067356,5988588
2017-09-14,11.680000,11.760000,11.640000,11.680000,11.001424,4997259
2017-09-15,11.580000,11.720000,11.580000,11.720000,11.039100,15521352
2017-09-18,11.780000,11.920000,11.720000,11.880000,11.189804,7389655
2017-09-19,12.020000,12.020000,11.740000,11.820000,11.133289,4895851
2017-09-20,11.780000,11.840000,11.680000,11.820000,11.133289,8448445
2017-09-21,11.720000,11.900000,11.620000,11.680000,11.001424,7877924
2017-09-22,11.640000,11.680000,11.440000,11.560000,10.888396,8683397
2017-09-25,11.520000,11.520000,11.320000,11.400000,10.737691,6509428
2017-09-26,11.460000,11.460000,11.320000,11.400000,10.737691,4615908
2017-09-27,11.400000,11.560000,11.360000,11.540000,10.869557,6353109
2017-09-28,11.400000,11.540000,11.380000,11.480000,10.813043,8668432
2017-09-29,11.440000,11.560000,11.360000,11.540000,10.869557,10611685
2017-10-03,11.460000,11.620000,11.440000,11.620000,10.944910,9625000
2017-10-04,11.620000,11.760000,11.560000,11.600000,10.926072,9603050
2017-10-06,11.760000,11.840000,11.700000,11.800000,11.114452,9416593
2017-10-09,11.820000,11.840000,11.720000,11.780000,11.095614,4434944
2017-10-10,11.800000,11.800000,11.600000,11.720000,11.039100,9662928
2017-10-11,11.660000,11.760000,11.520000,11.620000,10.944910,16023418
2017-10-12,11.640000,11.660000,11.540000,11.560000,10.888396,6566341
2017-10-13,11.540000,11.740000,11.540000,11.700000,11.020262,7213155
2017-10-16,11.640000,11.760000,11.640000,11.700000,11.020262,5677747
2017-10-17,11.640000,11.720000,11.620000,11.680000,11.001424,2710713
2017-10-18,11.640000,11.680000,11.520000,11.640000,10.963748,6025010
2017-10-19,11.640000,11.680000,11.380000,11.400000,10.737691,7042910
2017-10-20,11.360000,11.560000,11.360000,11.540000,10.869557,5871040
2017-10-23,11.540000,11.540000,11.420000,11.480000,10.813043,4733440
2017-10-24,11.420000,11.480000,11.380000,11.420000,10.756529,5949492
2017-10-25,11.400000,11.520000,11.400000,11.500000,10.831882,5420654
2017-10-26,11.400000,11.500000,11.380000,11.460000,10.794206,4614281
2017-10-27,11.400000,11.500000,11.400000,11.440000,10.775367,5482008
2017-10-30,11.480000,11.500000,11.380000,11.400000,10.737691,5613952
2017-10-31,11.360000,11.440000,11.360000,11.420000,10.756529,5333214
2017-11-01,11.400000,11.520000,11.400000,11.500000,10.831882,5217652
2017-11-02,11.420000,11.500000,11.380000,11.400000,10.737691,5252000
2017-11-03,11.360000,11.580000,11.360000,11.460000,10.794206,6299591
2017-11-06,11.440000,11.440000,11.020000,11.340000,10.681177,10662581
2017-11-07,11.340000,11.440000,11.320000,11.400000,10.737691,4160384
2017-11-08,11.380000,11.500000,11.320000,11.380000,10.718853,8652697
2017-11-09,11.420000,11.520000,11.380000,11.440000,10.775367,7295602
2017-11-10,11.500000,11.500000,11.340000,11.440000,10.775367,10031900
2017-11-13,11.420000,11.500000,11.340000,11.440000,10.775367,10995493
2017-11-14,11.420000,11.460000,11.320000,11.320000,10.662338,5991334
2017-11-15,11.340000,11.340000,11.200000,11.260000,10.605825,7050692
2017-11-16,11.360000,11.360000,11.200000,11.260000,10.605825,5519000
2017-11-17,11.260000,11.300000,11.100000,11.180000,10.530473,7437445
2017-11-20,11.200000,11.200000,11.040000,11.100000,10.455121,8470216
2017-11-21,11.120000,11.240000,11.040000,11.220000,10.568149,6237303
2017-11-22,11.220000,11.440000,11.140000,11.340000,10.681177,8381172
2017-11-23,11.320000,11.500000,11.300000,11.360000,10.700015,9814846
2017-11-24,11.460000,11.460000,11.280000,11.300000,10.643501,5767283
2017-11-27,11.180000,11.280000,11.140000,11.200000,10.549311,9093000
2017-11-28,11.260000,11.300000,11.060000,11.120000,10.473958,7374707
2017-11-29,11.080000,11.120000,11.000000,11.060000,10.417444,7066734
2017-11-30,11.000000,11.080000,10.960000,11.060000,10.417444,16803979
2017-12-01,11.060000,11.100000,10.980000,11.040000,10.398606,4953877
2017-12-04,10.980000,11.080000,10.960000,11.000000,10.360929,5706218
2017-12-05,11.000000,11.120000,10.980000,11.040000,10.398606,5302586
2017-12-06,11.040000,11.100000,10.920000,11.000000,10.360929,12590504
2017-12-07,10.920000,11.040000,10.840000,10.940000,10.304416,9109072
2017-12-08,11.020000,11.060000,10.860000,11.020000,10.379768,8734497
2017-12-11,11.040000,11.040000,10.880000,10.980000,10.342092,8422534
2017-12-12,10.880000,10.960000,10.860000,10.920000,10.285578,6609460
2017-12-13,10.960000,11.080000,10.880000,11.040000,10.398606,5922891
2017-12-14,11.160000,11.160000,10.940000,10.960000,10.323254,5604084
2017-12-15,11.000000,11.000000,10.780000,10.840000,10.210225,15584063
2017-12-18,10.880000,10.920000,10.800000,10.900000,10.266740,3886500
2017-12-19,10.940000,10.940000,10.760000,10.840000,10.210225,11902911
2017-12-20,10.820000,10.900000,10.780000,10.900000,10.266740,4369407
2017-12-21,10.860000,11.000000,10.820000,10.960000,10.323254,4156598
2017-12-22,10.940000,11.080000,10.940000,11.080000,10.436282,5602035
2017-12-27,11.040000,11.140000,11.020000,11.140000,10.492797,4428320
2017-12-28,11.080000,11.380000,11.080000,11.300000,10.643501,7827633
2017-12-29,11.180000,11.360000,11.180000,11.280000,10.624662,5875173
2018-01-02,11.300000,11.400000,11.280000,11.360000,10.700015,4395480
2018-01-03,11.300000,11.380000,11.280000,11.340000,10.681177,5304979
2018-01-04,11.400000,11.400000,11.340000,11.380000,10.718853,6053000
2018-01-05,11.420000,11.460000,11.280000,11.400000,10.737691,9412924
2018-01-08,11.320000,11.620000,11.320000,11.580000,10.907233,9799040
2018-01-09,11.520000,11.620000,11.420000,11.520000,10.850719,7423837
2018-01-10,11.360000,11.640000,11.360000,11.580000,10.907233,12251121
2018-01-11,11.640000,11.740000,11.480000,11.680000,11.001424,6846005
2018-01-12,11.720000,11.780000,11.600000,11.620000,10.944910,7999052
2018-01-15,11.680000,11.820000,11.480000,11.540000,10.869557,6443673
2018-01-16,11.440000,11.660000,11.440000,11.640000,10.963748,6924508
2018-01-17,11.620000,11.720000,11.600000,11.680000,11.001424,16750732
2018-01-18,11.680000,12.060000,11.680000,11.940000,11.246319,23146226
2018-01-19,11.860000,12.060000,11.820000,11.840000,11.152128,10774844
2018-01-22,11.860000,11.980000,11.800000,11.840000,11.152128,11087500
2018-01-23,11.880000,12.180000,11.800000,12.100000,11.397024,24223000
2018-01-24,12.240000,12.640000,12.200000,12.620000,11.886811,37341295
2018-01-25,12.620000,12.760000,12.420000,12.720000,11.981003,28855541
2018-01-26,12.660000,12.700000,12.480000,12.660000,11.924489,20950477
2018-01-29,12.760000,12.800000,12.560000,12.620000,11.886811,13922250
2018-01-30,12.520000,12.720000,12.240000,12.360000,11.641918,15134782
2018-01-31,12.320000,12.340000,12.120000,12.340000,11.623079,15554064
2018-02-01,12.320000,12.480000,12.240000,12.280000,11.566565,9620924
2018-02-02,12.180000,12.260000,12.040000,12.180000,11.472375,9773075
2018-02-05,12.000000,12.060000,11.800000,11.980000,11.283994,19557761
2018-02-06,11.480000,11.600000,11.240000,11.300000,10.643501,31868323
2018-02-07,11.300000,11.780000,11.160000,11.200000,10.549311,29380996
2018-02-08,11.380000,11.380000,11.100000,11.260000,10.605825,13909109
2018-02-09,11.000000,11.300000,10.700000,10.840000,10.210225,20809683
2018-02-12,10.840000,10.920000,10.780000,10.860000,10.229062,16471175
2018-02-13,10.920000,11.000000,10.800000,10.900000,10.266740,10482192
2018-02-14,10.800000,11.120000,10.800000,11.080000,10.436282,12817735
2018-02-15,11.100000,11.240000,11.000000,11.140000,10.492797,6776269
2018-02-20,11.260000,11.320000,10.980000,11.220000,10.568149,10004054
2018-02-21,11.320000,11.400000,11.160000,11.400000,10.737691,9177632
2018-02-22,11.320000,11.380000,11.140000,11.340000,10.681177,9555269
2018-02-23,11.500000,11.580000,11.400000,11.480000,10.813043,9735627
2018-02-26,11.500000,11.600000,11.440000,11.560000,10.888396,10278063
2018-02-27,11.600000,11.620000,11.460000,11.480000,10.813043,13355222
2018-02-28,11.480000,11.480000,11.280000,11.380000,10.718853,12933107
2018-03-01,11.300000,11.380000,11.200000,11.300000,10.643501,9509781
2018-03-02,11.100000,11.300000,11.000000,11.180000,10.530473,37123413
2018-03-05,11.160000,11.340000,11.000000,11.080000,10.436282,17560901
2018-03-06,11.180000,11.500000,11.140000,11.280000,10.624662,9393656
2018-03-07,11.200000,11.420000,11.180000,11.340000,10.681177,9639245
2018-03-08,11.420000,11.460000,11.320000,11.360000,10.700015,3694303
2018-03-09,11.400000,11.540000,11.400000,11.520000,10.850719,6815873
2018-03-12,11.560000,11.620000,11.500000,11.560000,10.888396,9446413
2018-03-13,11.600000,11.760000,11.540000,11.720000,11.039100,6802085
2018-03-14,11.520000,11.660000,11.500000,11.580000,10.907233,4530032
2018-03-15,11.440000,11.520000,11.260000,11.400000,10.737691,10126041
2018-03-16,11.280000,11.400000,11.220000,11.280000,10.624662,13225373
2018-03-19,11.160000,11.260000,11.120000,11.200000,10.549311,6464438
2018-03-20,11.100000,11.260000,11.100000,11.220000,10.568149,7265000
2018-03-21,11.180000,11.340000,11.140000,11.160000,10.511633,8777367
2018-03-22,11.260000,11.300000,11.080000,11.120000,10.473958,5887915
2018-03-23,10.800000,11.040000,10.800000,11.020000,10.379768,16183764
2018-03-26,10.860000,11.020000,10.800000,11.020000,10.379768,6681382
2018-03-27,11.100000,11.120000,10.900000,11.060000,10.417444,7306300
2018-03-28,10.860000,11.020000,10.820000,10.820000,10.191387,10310036
2018-03-29,10.900000,11.080000,10.820000,10.980000,10.342092,11870222
2018-04-03,10.700000,11.120000,10.700000,11.080000,10.436282,10527260
2018-04-04,11.080000,11.080000,10.760000,10.780000,10.153711,10864321
2018-04-06,10.780000,10.920000,10.760000,10.860000,10.229062,6233752
2018-04-09,10.940000,11.320000,10.940000,11.280000,10.624662,14029749
2018-04-10,11.280000,11.480000,11.200000,11.460000,10.794206,9531295
2018-04-11,11.500000,11.500000,11.420000,11.460000,10.794206,6222213
2018-04-12,11.460000,11.520000,11.340000,11.420000,10.756529,5430965
2018-04-13,11.280000,11.580000,11.280000,11.520000,10.850719,5497326
2018-04-16,11.600000,11.600000,11.280000,11.340000,10.681177,6434850
2018-04-17,11.480000,11.480000,11.280000,11.320000,10.662338,6191788
2018-04-18,11.300000,11.420000,11.200000,11.380000,10.718853,7810128
2018-04-19,11.360000,11.560000,11.360000,11.540000,10.869557,7180676
2018-04-20,11.520000,11.560000,11.340000,11.400000,10.737691,4075615
2018-04-23,11.420000,11.480000,11.280000,11.380000,10.718853,5578215
2018-04-24,11.360000,11.560000,11.360000,11.560000,10.888396,5021661
2018-04-25,11.540000,11.560000,11.420000,11.520000,10.850719,5736731
2018-04-26,11.560000,11.580000,11.440000,11.540000,10.869557,8833000
2018-04-27,11.580000,11.840000,11.520000,11.840000,11.152128,8507197
2018-04-30,12.000000,12.120000,11.960000,12.040000,11.340508,10783160
2018-05-02,11.940000,12.000000,11.800000,11.820000,11.133289,6528816
2018-05-03,11.780000,11.780000,11.540000,11.600000,10.926072,7037945
2018-05-04,11.460000,11.600000,11.360000,11.460000,10.794206,8118000
2018-05-07,11.460000,11.700000,11.420000,11.620000,10.944910,4988132
2018-05-08,11.640000,11.860000,11.620000,11.820000,11.133289,6575752
2018-05-09,11.840000,11.880000,11.720000,11.860000,11.170966,5816400
2018-05-10,11.880000,11.940000,11.780000,11.800000,11.114452,4142026
2018-05-11,11.980000,12.000000,11.880000,11.980000,11.283994,7035536
2018-05-14,12.000000,12.100000,11.960000,12.040000,11.340508,9141026
2018-05-15,11.980000,12.020000,11.860000,11.920000,11.227481,4865321
2018-05-16,11.740000,12.020000,11.740000,12.020000,11.321671,7091018
2018-05-17,12.040000,12.040000,11.920000,11.940000,11.246319,7143536
2018-05-18,11.980000,12.000000,11.900000,11.960000,11.265157,4229555
2018-05-21,12.040000,12.140000,11.920000,11.920000,11.227481,5598047
2018-05-23,11.780000,11.900000,11.560000,11.560000,10.888396,11166868
2018-05-24,11.520000,11.680000,11.480000,11.640000,10.963748,6594126
2018-05-25,11.640000,11.700000,11.560000,11.600000,10.926072,3232736
2018-05-28,11.760000,11.760000,11.520000,11.580000,10.907233,2704500
2018-05-29,11.520000,11.580000,11.460000,11.500000,10.831882,5594363
2018-05-30,11.460000,11.500000,11.100000,11.220000,10.568149,12677295
2018-05-31,11.120000,11.660000,11.120000,11.660000,10.982586,21691469
2018-06-01,11.560000,11.780000,11.540000,11.660000,10.982586,33043108
2018-06-04,11.860000,11.960000,11.720000,11.940000,11.246319,9555286
2018-06-05,11.680000,12.060000,11.680000,12.020000,11.321671,9099369
2018-06-06,12.100000,12.160000,11.960000,12.060000,11.359348,7191301
2018-06-07,12.120000,12.120000,11.980000,12.040000,11.340508,13826879
2018-06-08,12.000000,12.060000,11.760000,11.840000,11.152128,7624892
2018-06-11,11.880000,11.920000,11.780000,11.900000,11.208642,3569988
2018-06-12,11.860000,11.900000,11.700000,11.860000,11.170966,4216979
2018-06-13,11.680000,11.800000,11.660000,11.720000,11.039100,5530153
2018-06-14,11.600000,11.740000,11.540000,11.620000,10.944910,9200391
2018-06-15,11.620000,11.680000,11.460000,11.600000,10.926072,17016869
2018-06-19,11.080000,11.200000,10.960000,11.140000,10.723916,22358820
2018-06-20,11.000000,11.340000,11.000000,11.160000,10.743168,9915947
2018-06-21,11.100000,11.280000,10.920000,10.940000,10.531385,6780200
2018-06-22,10.900000,11.140000,10.820000,11.100000,10.685410,10180503
2018-06-25,11.120000,11.180000,10.860000,10.900000,10.492879,6731590
2018-06-26,11.020000,11.080000,10.820000,10.920000,10.512133,9018373
2018-06-27,11.020000,11.040000,10.820000,10.840000,10.435121,9253191
2018-06-28,10.780000,10.940000,10.780000,10.880000,10.473626,7728218
2018-06-29,10.920000,11.120000,10.840000,11.060000,10.646903,8000216
2018-07-03,11.200000,11.200000,10.860000,11.000000,10.589145,8062352
2018-07-04,10.980000,10.980000,10.800000,10.880000,10.473626,4594675
2018-07-05,10.820000,10.980000,10.660000,10.660000,10.261843,20895268
2018-07-06,10.660000,10.720000,10.440000,10.560000,10.165579,21285502
2018-07-09,10.800000,10.900000,10.660000,10.720000,10.319602,8949053
2018-07-10,10.720000,10.820000,10.620000,10.660000,10.261843,8214416
2018-07-11,10.380000,10.580000,10.380000,10.520000,10.127072,11473366
2018-07-12,10.500000,10.720000,10.440000,10.640000,10.242591,8104587
2018-07-13,10.640000,10.760000,10.640000,10.680000,10.281096,4674142
2018-07-16,10.560000,10.760000,10.500000,10.620000,10.223337,9887162
2018-07-17,10.600000,10.640000,10.480000,10.560000,10.165579,6406350
2018-07-18,10.600000,10.620000,10.440000,10.500000,10.107820,5125158
2018-07-19,10.500000,10.620000,10.380000,10.400000,10.011555,8344371
2018-07-20,10.400000,10.500000,10.220000,10.500000,10.107820,8470725
2018-07-23,10.500000,10.560000,10.240000,10.480000,10.088566,5972680
2018-07-24,10.500000,10.620000,10.360000,10.580000,10.184832,5711691
2018-07-25,10.660000,11.000000,10.600000,10.920000,10.512133,10668598
2018-07-26,10.940000,11.040000,10.780000,10.880000,10.473626,5683505
2018-07-27,10.900000,11.040000,10.840000,11.000000,10.589145,5946747
2018-07-30,11.040000,11.180000,10.960000,11.160000,10.743168,7442035
2018-07-31,11.180000,11.200000,11.000000,11.080000,10.666156,11353451
2018-08-01,11.040000,11.280000,10.960000,11.060000,10.646903,9625344
2018-08-02,10.960000,11.120000,10.720000,10.800000,10.396615,7680993
2018-08-03,10.680000,10.920000,10.680000,10.840000,10.435121,6486138
2018-08-06,10.900000,10.920000,10.720000,10.800000,10.396615,4689847
2018-08-07,10.800000,11.080000,10.800000,11.040000,10.627650,5941100
2018-08-08,10.920000,11.140000,10.920000,11.100000,10.685410,7389021
2018-08-09,11.100000,11.140000,10.900000,11.100000,10.685410,6737011
2018-08-10,11.140000,11.200000,11.020000,11.040000,10.627650,4899962
2018-08-13,11.040000,11.040000,10.800000,10.860000,10.454372,5566398
2018-08-14,11.000000,11.160000,10.900000,11.060000,10.646903,8639758
2018-08-15,11.100000,11.180000,10.900000,10.960000,10.550638,8276109
2018-08-16,11.020000,11.180000,10.940000,11.040000,10.627650,9657412
2018-08-17,11.120000,11.140000,10.800000,10.960000,10.550638,6024950
2018-08-20,10.960000,11.080000,10.860000,11.060000,10.646903,6316585
2018-08-21,11.080000,11.180000,10.980000,11.080000,10.666156,9308310
2018-08-22,11.100000,11.140000,10.820000,11.100000,10.685410,7548644
2018-08-23,11.100000,11.100000,10.900000,11.040000,10.627650,6132332
2018-08-24,10.920000,11.000000,10.800000,10.900000,10.492879,5941570
2018-08-27,11.100000,11.280000,10.960000,11.200000,10.781674,9611200
2018-08-28,11.280000,11.280000,11.140000,11.160000,10.743168,8118426
2018-08-29,11.020000,11.220000,11.020000,11.200000,10.781674,8790732
2018-08-30,11.280000,11.280000,11.100000,11.140000,10.723916,4815140
2018-08-31,10.980000,11.200000,10.980000,11.160000,10.743168,8532273
2018-09-03,11.200000,11.200000,11.100000,11.180000,10.762422,3320894
2018-09-04,11.200000,11.260000,11.060000,11.220000,10.800927,4553354
2018-09-05,11.200000,11.200000,10.920000,11.020000,10.608397,9348044
2018-09-06,11.020000,11.180000,11.020000,11.040000,10.627650,8296635
2018-09-07,11.080000,11.280000,11.000000,11.180000,10.762422,32516550
2018-09-10,11.060000,11.220000,10.920000,11.000000,10.589145,13256548
2018-09-11,10.900000,11.240000,10.900000,11.100000,10.685410,11738203
2018-09-12,11.020000,11.080000,10.780000,11.000000,10.734201,8629013
2018-09-13,11.160000,11.200000,11.000000,11.140000,10.870818,9773449
2018-09-14,11.200000,11.280000,11.060000,11.220000,10.948885,7652580
2018-09-17,11.200000,11.260000,10.940000,11.080000,10.812268,5093706
2018-09-18,10.960000,11.420000,10.960000,11.280000,11.007435,10082178
2018-09-19,11.420000,11.440000,11.180000,11.280000,11.007435,7764565
2018-09-20,11.360000,11.360000,11.180000,11.260000,10.987919,7029613
2018-09-21,11.380000,11.380000,11.200000,11.300000,11.026952,16554465
2018-09-24,11.260000,11.300000,11.060000,11.120000,10.851301,5642615
2018-09-26,11.100000,11.360000,11.100000,11.200000,10.929368,11066194
2018-09-27,11.320000,11.440000,11.200000,11.380000,11.105019,14303272
2018-09-28,11.500000,11.780000,11.420000,11.660000,11.378253,12520727
2018-10-02,11.740000,11.780000,11.540000,11.620000,11.339219,12698027
2018-10-03,11.420000,11.880000,11.420000,11.860000,11.573420,10147752
2018-10-04,11.840000,11.840000,11.500000,11.580000,11.300186,7827752
2018-10-05,11.500000,11.800000,11.500000,11.720000,11.436804,7086453
2018-10-08,11.900000,11.900000,11.660000,11.800000,11.514871,9633548
2018-10-09,11.900000,11.920000,11.780000,11.900000,11.612453,8393000
2018-10-10,11.940000,11.960000,11.820000,11.920000,11.631970,5517000
2018-10-11,11.900000,11.900000,11.420000,11.500000,11.222119,12244013
2018-10-12,11.660000,11.760000,11.480000,11.560000,11.280670,9259992
2018-10-15,11.540000,11.540000,11.280000,11.360000,11.085502,7759966
2018-10-16,11.480000,11.560000,11.280000,11.420000,11.144053,7058802
2018-10-18,11.580000,11.580000,11.340000,11.480000,11.202602,5358077
2018-10-19,11.580000,11.740000,11.440000,11.620000,11.339219,8860846
2018-10-22,11.620000,11.700000,11.460000,11.680000,11.397770,7149304
2018-10-23,11.620000,11.620000,11.340000,11.420000,11.144053,5261382
2018-10-24,11.360000,11.600000,11.240000,11.500000,11.222119,5778528
2018-10-25,11.460000,11.560000,11.300000,11.560000,11.280670,6769719
2018-10-26,11.680000,11.680000,11.320000,11.460000,11.183085,7120519
2018-10-29,11.580000,11.760000,11.500000,11.660000,11.378253,10349794
2018-10-30,11.780000,11.880000,11.620000,11.740000,11.456320,10459853
2018-10-31,11.940000,11.940000,11.720000,11.760000,11.475837,11778217
2018-11-01,11.460000,11.820000,11.460000,11.800000,11.514871,5808260
2018-11-02,11.660000,12.160000,11.660000,12.060000,11.768588,16488668
2018-11-05,11.880000,12.400000,11.860000,11.940000,11.651486,8212820
2018-11-06,12.000000,12.160000,11.900000,12.120000,11.827138,11269836
2018-11-07,12.180000,12.200000,11.960000,12.140000,11.846655,5369483
2018-11-08,12.300000,12.480000,12.260000,12.300000,12.002789,14017223
2018-11-09,12.200000,12.200000,12.040000,12.120000,11.827138,6242000
2018-11-12,12.280000,12.280000,12.080000,12.100000,11.807622,6035578
2018-11-13,11.840000,12.160000,11.840000,12.140000,11.846655,6844117
2018-11-14,12.300000,12.320000,12.120000,12.260000,11.963756,6943724
2018-11-15,12.280000,12.440000,12.160000,12.380000,12.080855,9230803
2018-11-16,12.280000,12.480000,12.280000,12.440000,12.139405,7151260
2018-11-19,12.500000,12.500000,12.200000,12.480000,12.178438,9627512
2018-11-20,12.440000,12.500000,12.180000,12.320000,12.022305,6465155
2018-11-21,12.300000,12.400000,12.220000,12.380000,12.080855,7864807
2018-11-22,12.400000,12.460000,12.220000,12.360000,12.061338,5831994
2018-11-23,12.320000,12.440000,12.300000,12.380000,12.080855,3311307
2018-11-26,13.280000,13.280000,12.400000,12.600000,12.295540,12636530
2018-11-27,12.520000,12.600000,12.420000,12.500000,12.197956,8116749
2018-11-28,12.440000,12.700000,12.440000,12.660000,12.354090,8614349
2018-11-29,12.680000,12.760000,12.500000,12.540000,12.236989,7556325
2018-11-30,12.600000,12.700000,12.540000,12.560000,12.256506,14466142
2018-12-03,12.960000,12.960000,12.760000,12.960000,12.646840,12178730
2018-12-04,12.820000,12.920000,12.740000,12.900000,12.588290,14056252
2018-12-05,12.660000,12.840000,12.640000,12.700000,12.393123,7246792
2018-12-06,12.580000,12.700000,12.340000,12.580000,12.276023,12051988
2018-12-07,12.700000,12.980000,12.660000,12.920000,12.607807,40145176
2018-12-10,12.860000,12.860000,12.420000,12.600000,12.295540,7687454
2018-12-11,12.600000,12.600000,12.380000,12.460000,12.158922,7064818
2018-12-12,12.700000,12.920000,12.660000,12.860000,12.549256,10766663
2018-12-13,12.960000,13.100000,12.900000,13.080000,12.763941,14843763
2018-12-14,12.980000,13.000000,12.820000,12.940000,12.627323,14160257
2018-12-17,13.000000,13.200000,12.880000,13.020000,12.705391,16048747
2018-12-18,13.060000,13.080000,12.600000,12.680000,12.373607,22192410
2018-12-19,12.880000,12.880000,12.580000,12.600000,12.295540,16419637
2018-12-20,12.680000,12.680000,12.220000,12.360000,12.061338,20975074
2018-12-21,12.420000,12.420000,12.160000,12.300000,12.002789,14491742
2018-12-24,12.200000,12.260000,11.960000,12.180000,11.885689,7914477
2018-12-27,12.300000,12.380000,12.060000,12.120000,11.827138,12975183
2018-12-28,12.160000,12.200000,12.040000,12.120000,11.827138,10607217
2018-12-31,12.280000,12.320000,12.180000,12.280000,11.983272,5029424
2019-01-02,12.100000,12.160000,11.720000,11.840000,11.553904,17145772
2019-01-03,11.840000,12.180000,11.840000,12.140000,11.846655,15704783
2019-01-04,12.100000,12.400000,12.040000,12.360000,12.061338,16198811
2019-01-07,12.680000,12.680000,12.300000,12.320000,12.022305,12601062
2019-01-08,12.360000,12.500000,12.260000,12.280000,11.983272,14508738
2019-01-09,12.540000,12.640000,12.420000,12.480000,12.178438,23858771
2019-01-10,12.480000,12.600000,12.440000,12.500000,12.197956,16084203
2019-01-11,12.540000,12.660000,12.360000,12.400000,12.100371,28975741
2019-01-14,12.340000,12.520000,12.120000,12.180000,11.885689,19913370
2019-01-15,12.320000,12.400000,12.180000,12.280000,11.983272,12349787
2019-01-16,12.220000,12.280000,12.120000,12.200000,11.905205,23683113
2019-01-17,12.140000,12.140000,11.800000,11.800000,11.514871,25261000
2019-01-18,11.940000,11.960000,11.840000,11.880000,11.592937,14102163
2019-01-21,11.800000,11.960000,11.800000,11.920000,11.631970,8881567
2019-01-22,11.980000,12.000000,11.760000,11.840000,11.553904,8916321
2019-01-23,11.940000,12.020000,11.760000,11.820000,11.534387,13997783
2019-01-24,11.900000,12.000000,11.800000,11.860000,11.573420,18458583
2019-01-25,11.880000,12.020000,11.880000,11.960000,11.671004,11108000
2019-01-28,12.060000,12.060000,11.740000,11.800000,11.514871,13803978
2019-01-29,11.900000,11.940000,11.760000,11.800000,11.514871,13907250
2019-01-30,11.920000,11.920000,11.740000,11.760000,11.475837,12537551
2019-01-31,11.760000,11.920000,11.740000,11.860000,11.573420,11484306
2019-02-01,11.960000,11.960000,11.760000,11.820000,11.534387,7473454
2019-02-04,11.820000,11.820000,11.600000,11.680000,11.397770,6917427
2019-02-08,11.480000,11.640000,11.380000,11.560000,11.280670,12200094
2019-02-11,11.540000,11.680000,11.480000,11.600000,11.319703,6370642
2019-02-12,11.540000,11.640000,11.420000,11.600000,11.319703,7156329
2019-02-13,11.580000,11.820000,11.580000,11.720000,11.436804,10753903
2019-02-14,11.820000,11.900000,11.740000,11.820000,11.534387,9989604
2019-02-15,11.880000,11.900000,11.700000,11.740000,11.456320,10435296
2019-02-18,11.920000,11.940000,11.820000,11.860000,11.573420,9977954
2019-02-19,11.940000,11.980000,11.800000,11.820000,11.534387,6563477
2019-02-20,11.860000,11.900000,11.760000,11.840000,11.553904,12547710
2019-02-21,11.920000,11.980000,11.820000,11.940000,11.651486,9806040
2019-02-22,11.960000,12.040000,11.840000,12.040000,11.749071,12618147
2019-02-25,12.060000,12.140000,11.960000,12.060000,11.768588,13833004
2019-02-26,12.140000,12.240000,12.080000,12.100000,11.807622,15164245
2019-02-27,12.220000,12.220000,12.020000,12.060000,11.768588,12754194
2019-02-28,11.900000,12.060000,11.860000,11.940000,11.651486,13268294
2019-03-01,12.000000,12.020000,11.860000,11.960000,11.671004,11636621
2019-03-04,12.060000,12.140000,11.840000,11.960000,11.671004,12025701
2019-03-05,12.000000,12.000000,11.800000,11.940000,11.651486,9964821
2019-03-06,11.820000,11.960000,11.820000,11.960000,11.671004,13280620
2019-03-07,11.980000,12.020000,11.880000,11.940000,11.651486,9043889
2019-03-08,11.700000,11.820000,11.700000,11.800000,11.514871,31547957
2019-03-11,11.640000,11.920000,11.640000,11.840000,11.553904,10682200
2019-03-12,11.940000,11.980000,11.820000,11.900000,11.612453,17388087
2019-03-13,11.800000,11.900000,11.700000,11.760000,11.475837,12928240
2019-03-14,11.820000,11.820000,11.600000,11.740000,11.456320,9429962
2019-03-15,11.640000,11.780000,11.600000,11.780000,11.495353,23816491
2019-03-18,11.720000,11.900000,11.660000,11.880000,11.592937,13051774
2019-03-19,11.900000,11.920000,11.760000,11.840000,11.553904,11284910
2019-03-20,11.980000,11.980000,11.740000,11.760000,11.475837,12541282
2019-03-21,11.860000,11.860000,11.640000,11.720000,11.436804,11824561
2019-03-22,11.880000,11.880000,11.600000,11.700000,11.417286,13812544
2019-03-25,11.680000,11.680000,11.460000,11.520000,11.241636,11072000
2019-03-26,11.700000,11.700000,11.420000,11.500000,11.222119,11352240
2019-03-27,11.400000,11.520000,11.400000,11.460000,11.183085,8277315
2019-03-28,11.400000,11.700000,11.400000,11.560000,11.280670,11414672
2019-03-29,11.500000,11.780000,11.340000,11.720000,11.436804,16951267
2019-04-01,11.920000,12.060000,11.840000,11.880000,11.592937,25785477
2019-04-02,11.920000,12.280000,11.900000,12.060000,11.768588,37793101
2019-04-03,12.120000,12.200000,12.000000,12.100000,11.807622,36187164
2019-04-04,12.140000,12.200000,11.960000,12.020000,11.729554,31633300
2019-04-08,12.160000,12.180000,12.000000,12.060000,11.768588,26319644
2019-04-09,12.080000,12.160000,12.040000,12.080000,11.788104,32050566
2019-04-10,12.140000,12.160000,12.040000,12.100000,11.807622,15789748
2019-04-11,12.060000,12.140000,11.820000,11.860000,11.573420,16693766
2019-04-12,11.940000,11.940000,11.740000,11.840000,11.553904,10927181
2019-04-15,11.880000,12.080000,11.780000,11.820000,11.534387,16169148
2019-04-16,11.760000,11.980000,11.760000,11.900000,11.612453,9910068
2019-04-17,11.900000,11.960000,11.780000,11.880000,11.592937,12217334
2019-04-18,11.900000,11.900000,11.740000,11.760000,11.475837,14012300
2019-04-23,11.500000,11.680000,11.500000,11.660000,11.378253,13964199
2019-04-24,11.700000,11.720000,11.540000,11.640000,11.358737,7938060
2019-04-25,11.640000,11.700000,11.500000,11.540000,11.261152,11585037
2019-04-26,11.500000,11.580000,11.420000,11.500000,11.222119,8473266
2019-04-29,11.600000,11.620000,11.440000,11.500000,11.222119,9298730
2019-04-30,11.400000,11.480000,11.380000,11.420000,11.144053,13313070
2019-05-06,11.380000,11.480000,11.120000,11.280000,11.007435,21512218
2019-05-07,11.220000,11.360000,11.200000,11.340000,11.065986,15248051
2019-05-08,11.240000,11.260000,11.080000,11.140000,10.870818,14496750
2019-05-09,11.040000,11.140000,10.900000,11.000000,10.734201,19415165
2019-05-10,11.160000,11.160000,10.820000,10.920000,10.656135,17112300
2019-05-14,10.760000,11.000000,10.700000,10.920000,10.656135,21049708
2019-05-15,10.820000,10.920000,10.720000,10.760000,10.500001,15316289
2019-05-16,10.680000,11.000000,10.680000,10.900000,10.636617,21136151
2019-05-17,10.840000,10.860000,10.700000,10.760000,10.500001,14076640
2019-05-20,10.840000,11.260000,10.740000,10.840000,10.578068,11542638
2019-05-21,10.900000,10.900000,10.760000,10.860000,10.597584,9582318
2019-05-22,10.920000,10.920000,10.760000,10.780000,10.519517,7392180
2019-05-23,10.760000,10.800000,10.620000,10.700000,10.441450,14043390
2019-05-24,10.860000,10.860000,10.620000,10.720000,10.460967,5848573
2019-05-27,10.660000,10.720000,10.580000,10.620000,10.363383,7838000
2019-05-28,10.560000,10.660000,10.520000,10.620000,10.363383,31328978
2019-05-29,10.660000,10.720000,10.560000,10.620000,10.363383,13524095
2019-05-30,10.680000,10.740000,10.580000,10.680000,10.421933,8945973
2019-05-31,10.600000,10.740000,10.540000,10.640000,10.382900,9755574
2019-06-03,10.680000,10.760000,10.620000,10.700000,10.441450,12238000
2019-06-04,10.600000,10.740000,10.580000,10.620000,10.363383,6899489
2019-06-05,10.720000,10.800000,10.640000,10.760000,10.500001,9524311
2019-06-06,10.660000,10.800000,10.600000,10.760000,10.500001,7755484
2019-06-10,10.440000,10.700000,10.440000,10.620000,10.620000,10388624
2019-06-11,10.740000,10.740000,10.580000,10.660000,10.660000,13480210
2019-06-12,10.760000,10.760000,10.540000,10.640000,10.640000,17880136
2019-06-13,10.660000,10.700000,10.540000,10.680000,10.680000,16528348
2019-06-14,10.580000,10.700000,10.580000,10.660000,10.660000,17130093
2019-06-17,10.580000,10.840000,10.580000,10.640000,10.640000,9596764
2019-06-18,10.700000,10.840000,10.680000,10.820000,10.820000,8709600
2019-06-19,11.140000,11.140000,10.900000,11.120000,11.120000,17689000
2019-06-20,11.200000,11.200000,10.980000,11.140000,11.140000,12960000
2019-06-21,11.200000,11.240000,11.060000,11.220000,11.220000,19532367
2019-06-24,11.260000,11.320000,11.180000,11.200000,11.200000,12587070
2019-06-25,11.280000,11.280000,11.060000,11.100000,11.100000,11368468
2019-06-26,11.060000,11.220000,11.000000,11.120000,11.120000,11689595
2019-06-27,11.260000,11.360000,11.160000,11.300000,11.300000,13184753
2019-06-28,11.380000,11.400000,11.200000,11.260000,11.260000,8309246
2019-07-02,11.260000,11.460000,11.240000,11.340000,11.340000,12463723
2019-07-03,11.280000,11.300000,11.160000,11.200000,11.200000,5980209
2019-07-04,11.200000,11.260000,11.140000,11.180000,11.180000,3466000
2019-07-05,11.100000,11.180000,11.040000,11.120000,11.120000,2646041
2019-07-08,11.140000,11.140000,10.920000,11.020000,11.020000,6073451
2019-07-09,10.920000,11.100000,10.840000,10.840000,10.840000,5657000
2019-07-10,10.840000,10.900000,10.800000,10.860000,10.860000,4151009
2019-07-11,10.940000,11.100000,10.860000,11.000000,11.000000,6141878
2019-07-12,10.900000,10.980000,10.780000,10.800000,10.800000,14957032
2019-07-15,10.700000,10.800000,10.640000,10.760000,10.760000,9608676
2019-07-16,10.700000,10.840000,10.640000,10.740000,10.740000,10886683
2019-07-17,10.640000,10.680000,10.560000,10.680000,10.680000,12586733
2019-07-18,10.560000,10.680000,10.540000,10.600000,10.600000,8758386
2019-07-19,10.720000,10.760000,10.600000,10.620000,10.620000,9171890
2019-07-22,10.520000,10.600000,10.420000,10.440000,10.440000,14842136
2019-07-23,10.500000,10.500000,10.420000,10.500000,10.500000,9511116
2019-07-24,10.540000,10.600000,10.500000,10.560000,10.560000,7731549
2019-07-25,10.580000,10.620000,10.480000,10.580000,10.580000,7235546
2019-07-26,10.500000,10.560000,10.400000,10.480000,10.480000,9085891
2019-07-29,10.500000,10.500000,10.260000,10.400000,10.400000,13511905
2019-07-30,10.380000,10.440000,10.300000,10.400000,10.400000,7834645
2019-07-31,10.260000,10.400000,10.240000,10.400000,10.400000,10730095
2019-08-01,10.140000,10.260000,10.120000,10.220000,10.220000,20766417
2019-08-02,10.000000,10.060000,9.960000,10.020000,10.020000,13702000
2019-08-05,9.800000,10.020000,9.680000,9.800000,9.800000,18807155
2019-08-06,9.620000,9.790000,9.520000,9.770000,9.770000,19602373
2019-08-07,9.640000,9.660000,9.520000,9.660000,9.660000,12011349
2019-08-08,9.680000,9.750000,9.600000,9.670000,9.670000,9018639
2019-08-09,9.570000,9.610000,9.420000,9.420000,9.420000,10733134
